Dataset ID,Total annotations,Reference metabolites
2024-06-06_19h26m13s,65,18
2024-06-06_19h22m09s,55,15
2024-06-06_19h16m21s,64,17
2024-06-06_19h08m24s,83,18
2024-06-06_19h03m38s,64,18
2024-06-06_19h01m37s,99,21
2024-06-06_18h57m58s,46,12
2024-06-06_18h45m39s,51,15
2024-06-06_18h40m58s,77,19
2024-06-06_18h32m13s,77,19
2024-05-31_22h42m36s,64,17
2024-05-31_22h41m24s,68,18
2024-05-31_22h41m08s,102,28
2024-05-31_22h40m44s,79,20
2024-05-31_22h39m50s,73,18
2024-05-31_22h40m24s,87,21
2024-05-31_22h29m10s,83,22
2024-05-31_22h27m41s,74,17
2024-05-31_22h27m37s,133,31
2024-05-31_22h23m22s,84,19
2024-05-31_22h19m54s,72,18
2024-05-31_22h18m55s,94,22
2024-05-31_22h16m12s,35,11
2024-05-31_22h10m03s,127,33
2024-05-31_22h12m50s,42,13
2024-05-31_22h09m08s,87,27
2024-05-29_16h40m54s,13,2
2024-05-29_14h58m42s,42,7
2024-05-27_15h13m55s,63,3
2024-05-27_15h13m40s,93,9
2024-05-27_14h43m20s,80,6
2024-05-27_14h12m27s,92,16
2024-05-27_11h57m01s,116,4
2024-05-27_13h59m50s,92,4
2024-05-21_09h58m18s,22,1
2024-05-21_09h58m12s,5,0
2024-05-20_21h16m28s,40,13
2024-05-20_20h55m15s,90,18
2024-05-20_20h59m54s,56,14
2024-05-20_20h53m05s,53,16
2024-05-20_20h52m07s,78,19
2024-05-20_20h48m12s,75,18
2024-05-20_20h47m22s,95,21
2024-05-20_20h45m00s,102,22
2024-05-20_20h43m57s,75,17
2024-05-20_20h42m15s,67,15
2024-05-20_20h41m13s,81,18
2024-05-20_20h36m32s,75,17
2024-05-20_20h32m20s,95,20
2024-05-20_20h33m35s,83,17
2024-05-16_12h19m30s,6,0
2020-07-10_23h06m21s,138,7
2024-05-07_16h05m23s,249,6
2024-05-02_17h21m34s,11,1
2024-04-30_10h38m37s,9,0
2024-04-29_22h55m50s,143,5
2024-04-29_22h55m03s,106,4
2024-04-29_22h51m54s,88,4
2024-04-29_22h51m32s,93,4
2024-04-29_22h52m48s,57,2
2024-04-29_22h50m59s,100,5
2024-04-29_22h48m23s,116,3
2024-04-29_22h47m13s,130,4
2024-04-29_22h46m33s,116,4
2024-04-29_22h43m26s,125,5
2024-04-29_22h42m13s,166,13
2024-04-29_22h42m28s,145,12
2024-04-29_22h41m14s,200,15
2024-04-29_22h40m50s,152,11
2024-04-29_22h34m10s,167,14
2024-04-29_22h39m17s,160,14
2024-04-29_22h33m20s,143,11
2024-04-29_22h32m19s,174,13
2024-04-29_22h32m58s,174,13
2024-04-29_22h29m52s,87,3
2024-04-29_22h30m37s,157,12
2024-04-29_22h29m21s,70,4
2024-04-29_22h29m04s,78,3
2024-04-29_22h29m35s,70,3
2024-04-29_22h27m33s,88,5
2024-04-29_22h26m52s,112,5
2024-04-29_22h27m12s,94,5
2024-04-29_22h28m12s,97,5
2024-04-29_22h26m36s,77,4
2024-04-26_14h59m58s,6,0
2024-04-25_08h47m13s,16,1
2024-04-25_07h49m19s,8,0
2024-04-25_08h36m27s,6,0
2024-04-25_01h40m47s,120,11
2024-04-25_01h40m41s,133,12
2024-04-25_01h40m07s,139,13
2024-04-25_01h39m15s,118,11
2024-04-25_01h39m44s,152,14
2024-04-25_01h38m16s,135,12
2024-04-25_01h37m08s,145,14
2024-04-25_01h35m41s,162,14
2024-04-25_01h36m24s,157,13
2024-04-25_01h35m02s,153,14
2024-04-25_01h34m16s,126,11
2024-04-25_01h34m32s,104,9
2024-04-25_01h20m03s,113,9
2024-04-25_01h19m34s,117,11
2024-04-25_01h19m02s,54,2
2024-04-25_01h15m52s,55,2
2024-04-25_01h15m29s,44,2
2024-04-25_01h14m47s,45,2
2024-04-25_01h13m53s,96,4
2024-04-25_01h11m55s,65,3
2024-04-25_01h11m25s,113,4
2024-04-25_01h10m59s,116,4
2024-04-25_01h10m15s,51,2
2024-04-25_01h10m33s,44,2
2024-04-25_01h09m25s,51,2
2024-04-25_01h09m56s,45,2
2024-04-25_01h06m41s,127,5
2024-04-25_01h06m17s,105,4
2024-04-25_01h07m07s,85,4
2024-04-25_01h08m17s,50,2
2024-04-25_01h04m51s,47,3
2024-04-25_01h05m55s,52,3
2024-04-25_01h05m18s,60,3
2024-04-25_01h03m19s,55,3
2024-04-25_01h02m39s,83,4
2024-04-25_01h03m03s,52,3
2024-04-25_01h01m59s,66,3
2024-04-25_00h56m23s,45,3
2024-04-25_00h55m32s,143,9
2024-04-25_00h55m22s,149,9
2024-04-25_00h55m09s,146,9
2024-04-25_00h54m36s,127,9
2024-04-25_00h53m43s,143,9
2024-04-25_00h53m16s,123,9
2024-04-25_00h54m03s,146,9
2024-04-25_00h54m19s,152,13
2024-04-25_00h52m15s,129,9
2024-04-25_00h51m41s,133,10
2024-04-25_00h52m45s,151,9
2024-04-25_00h51m26s,159,10
2024-04-25_00h48m53s,141,9
2024-04-25_00h49m57s,162,10
2024-04-25_00h49m24s,151,10
2024-04-25_00h50m21s,145,10
2024-04-25_00h46m31s,162,10
2024-04-25_00h46m01s,136,9
2024-04-25_00h45m33s,138,9
2024-04-25_00h46m13s,134,9
2024-04-25_00h42m32s,81,3
2024-04-25_00h41m02s,78,5
2024-04-25_00h45m18s,135,9
2024-04-25_00h43m17s,136,9
2024-04-25_00h39m40s,49,2
2024-04-25_00h40m15s,51,2
2024-04-25_00h39m00s,59,2
2024-04-25_00h37m39s,51,2
2024-04-17_15h30m27s,22,1
2024-04-12_13h07m30s,328,13
2024-04-12_12h00m00s,489,21
2024-04-12_11h54m39s,384,19
2024-04-12_11h48m00s,280,14
2024-04-12_10h06m04s,10,0
2024-04-12_10h02m39s,28,2
2024-04-12_10h02m46s,17,0
2024-04-12_09h58m46s,10,0
2024-04-12_09h03m46s,23,0
2024-04-12_08h55m06s,45,1
2024-04-12_08h49m30s,418,20
2024-04-12_08h55m13s,23,0
2024-04-12_08h53m57s,77,2
2024-04-12_08h36m18s,235,12
2024-04-12_08h32m53s,258,16
2024-04-12_08h23m52s,446,22
2024-04-12_07h58m55s,400,22
2024-04-10_18h49m34s,111,16
2024-04-10_18h37m47s,319,33
2024-04-10_18h36m11s,274,32
2024-04-10_18h35m23s,238,29
2024-04-10_18h33m02s,243,30
2024-04-10_18h32m21s,127,18
2024-04-10_18h31m51s,194,23
2024-04-10_18h29m55s,205,28
2024-04-10_18h26m43s,170,21
2024-04-10_18h24m30s,247,35
2024-04-10_18h20m52s,158,29
2024-04-10_18h10m55s,212,27
2024-04-10_18h09m46s,218,28
2024-04-10_18h04m26s,99,18
2024-04-10_18h04m12s,141,24
2024-04-10_17h56m17s,14,4
2024-04-10_17h56m06s,19,6
2024-04-10_17h47m22s,43,12
2024-04-10_17h06m19s,116,17
2024-04-04_23h53m54s,10,2
2024-04-03_10h09m53s,117,16
2024-04-03_09h59m47s,78,13
2024-04-03_10h07m28s,106,18
2024-04-03_09h50m50s,135,19
2024-04-03_01h17m03s,29,7
2024-04-02_18h48m50s,114,10
2024-04-02_18h45m20s,124,10
2024-04-02_06h20m48s,172,12
2024-02-27_17h29m40s,15,1
2024-03-21_17h15m07s,5,0
2024-03-21_17h13m08s,8,0
2024-03-19_17h08m03s,9,0
2024-03-15_18h17m52s,75,19
2024-03-15_18h17m07s,98,23
2024-03-01_17h53m59s,15,0
2024-03-13_22h48m05s,38,11
2024-03-13_22h43m49s,27,8
2024-03-13_22h41m10s,11,2
2024-03-13_22h36m52s,72,20
2024-03-13_22h31m24s,25,8
2024-03-13_22h21m21s,9,2
2024-03-12_17h57m30s,75,20
2024-03-12_17h49m11s,41,10
2024-03-11_16h53m05s,14,0
2024-03-11_10h53m57s,14,0
2024-03-07_09h25m45s,17,3
2024-02-20_01h54m01s,7,0
2024-03-01_01h50m28s,102,4
2024-02-29_15h19m51s,6,0
2024-02-29_13h56m24s,13,0
2024-02-29_14h05m31s,7,0
2024-02-29_14h35m49s,9,0
2024-02-29_14h11m21s,12,0
2024-02-28_03h45m28s,86,4
2024-02-21_07h54m20s,58,2
2024-02-21_07h52m31s,59,2
2024-02-21_07h50m59s,58,6
2024-02-21_07h51m52s,38,2
2024-02-21_07h50m30s,102,7
2024-02-21_07h47m06s,24,2
2024-02-20_01h54m41s,6,0
2024-02-20_01h49m35s,7,0
2024-02-19_05h43m55s,5,0
2024-02-19_04h23m32s,5,0
2024-02-15_23h57m39s,75,23
2024-02-15_23h49m27s,114,27
2024-02-15_23h44m05s,77,22
2024-02-15_23h42m14s,85,23
2024-02-15_23h39m51s,155,32
2024-02-15_23h34m11s,84,24
2024-02-15_23h30m14s,105,26
2024-02-15_23h21m47s,70,20
2024-02-15_23h19m17s,100,25
2024-02-15_23h14m31s,92,23
2024-02-15_23h08m26s,124,26
2024-02-15_23h06m43s,79,21
2024-02-15_23h05m29s,68,19
2024-02-15_23h04m36s,83,21
2024-02-15_22h43m28s,105,23
2024-02-15_22h35m32s,90,21
2024-02-15_22h39m22s,117,25
2024-02-15_22h33m01s,113,25
2024-02-15_22h32m22s,84,22
2024-02-15_22h30m57s,68,20
2024-02-15_22h06m56s,104,26
2024-02-15_22h02m12s,82,23
2024-02-15_21h59m00s,108,25
2024-02-15_22h00m15s,86,22
2023-08-11_01h46m25s,27,2
2023-08-11_01h56m50s,27,2
2023-06-06_03h30m21s,178,29
2023-06-06_03h19m16s,100,25
2023-06-06_03h30m59s,119,25
2023-11-22_10h40m34s,164,9
2024-02-05_18h47m45s,191,12
2024-02-05_18h46m05s,201,12
2024-01-29_19h29m15s,127,5
2024-01-29_19h26m21s,118,4
2024-01-26_21h50m38s,8,5
2024-01-26_23h52m33s,17,2
2024-01-26_21h13m34s,5,3
2024-01-25_07h24m55s,156,15
2024-01-25_07h23m51s,144,11
2024-01-25_07h23m29s,150,11
2024-01-25_07h22m42s,159,15
2024-01-25_07h22m17s,165,15
2024-01-25_07h22m02s,154,15
2024-01-25_07h21m27s,156,13
2024-01-25_07h21m00s,141,12
2024-01-25_07h20m37s,124,13
2024-01-25_07h20m16s,124,11
2024-01-25_07h19m55s,121,13
2024-01-25_07h19m03s,150,6
2024-01-25_07h18m35s,142,6
2024-01-25_07h17m49s,110,4
2024-01-25_07h17m16s,135,4
2024-01-25_07h16m49s,110,3
2024-01-25_07h16m26s,123,4
2024-01-25_07h15m49s,150,5
2024-01-25_07h15m11s,98,5
2024-01-19_23h35m04s,17,0
2024-01-16_21h50m01s,32,7
2024-01-16_21h28m13s,46,9
2023-12-31_02h30m46s,149,31
2023-12-19_16h58m52s,7,3
2023-12-19_19h05m40s,108,24
2023-12-19_19h06m09s,89,20
2023-12-19_19h04m45s,84,20
2023-12-19_19h06m50s,49,13
2023-12-14_20h13m46s,64,2
2023-12-14_20h13m39s,68,3
2023-12-14_20h12m42s,72,3
2023-12-14_20h13m29s,69,2
2023-12-14_03h07m05s,48,2
2023-12-14_03h06m22s,136,5
2023-12-14_03h05m48s,103,4
2023-12-14_03h04m20s,86,3
2023-12-13_20h35m06s,179,14
2023-12-13_00h10m28s,183,16
2023-12-12_23h14m36s,138,11
2023-12-12_23h13m40s,152,13
2023-12-12_23h14m18s,141,12
2023-12-12_23h14m03s,143,12
2023-12-12_22h46m52s,28,1
2023-12-12_23h12m49s,157,13
2023-12-12_23h13m05s,162,13
2023-12-12_23h12m12s,141,12
2023-12-12_22h44m56s,73,4
2023-12-12_22h46m25s,109,3
2023-12-12_22h44m26s,55,2
2023-12-12_22h44m08s,56,2
2023-12-12_22h43m48s,56,3
2023-12-12_22h36m43s,36,1
2023-12-12_22h43m24s,52,3
2023-12-12_22h37m40s,60,2
2023-12-12_22h36m28s,40,1
2023-12-12_22h37m08s,48,2
2023-12-12_22h36m12s,58,1
2023-12-12_22h35m59s,37,1
2023-12-12_10h24m56s,85,3
2023-12-12_10h17m01s,154,9
2023-12-12_10h24m17s,164,9
2023-12-12_10h16m27s,139,9
2023-12-12_10h07m32s,138,8
2023-12-12_10h07m02s,169,13
2023-12-12_10h06m32s,161,13
2023-12-12_10h06m13s,136,12
2023-12-12_10h06m03s,144,12
2023-12-12_10h05m43s,137,11
2023-12-12_10h05m03s,172,11
2023-12-12_09h48m47s,101,3
2023-12-12_10h04m22s,146,11
2023-12-12_09h58m05s,74,2
2023-12-12_09h49m03s,88,2
2023-12-12_09h48m29s,71,4
2023-12-12_09h47m58s,92,4
2023-12-12_09h44m46s,52,3
2023-12-12_09h44m57s,110,4
2023-12-12_09h44m03s,75,4
2023-12-12_09h43m45s,81,4
2023-12-08_11h30m26s,73,16
2023-12-08_11h28m27s,69,14
2023-12-08_11h32m26s,63,14
2023-12-08_11h35m33s,23,6
2023-12-08_11h34m42s,22,6
2023-12-08_11h43m23s,9,3
2023-12-08_11h46m12s,108,3
2023-12-08_11h45m18s,110,8
2023-12-07_17h42m15s,204,6
2023-12-07_14h49m31s,24,2
2023-12-05_15h15m49s,33,2
2023-12-04_13h59m11s,9,1
2023-12-04_13h58m56s,7,0
2023-12-04_10h53m49s,80,2
2023-12-01_18h05m58s,96,4
2023-12-01_18h07m13s,91,3
2023-12-01_17h30m01s,89,4
2023-12-01_17h30m13s,66,1
2023-11-15_23h54m18s,39,10
2023-05-23_20h45m27s,105,5
2023-05-23_20h44m02s,192,6
2023-05-23_20h48m29s,142,7
2023-06-27_22h58m39s,44,2
2023-05-23_20h48m07s,167,9
2023-06-27_22h57m11s,107,6
2023-06-27_22h58m01s,110,5
2023-06-27_22h58m59s,64,3
2023-06-27_22h50m56s,62,3
2023-06-27_23h40m04s,230,11
2023-06-27_22h59m29s,93,4
2023-06-27_23h39m21s,233,16
2023-06-27_23h38m39s,211,17
2023-06-27_23h41m57s,189,10
2023-11-07_22h28m04s,24,7
2023-11-07_22h37m33s,30,8
2023-11-07_22h33m03s,67,17
2023-11-07_22h35m05s,30,8
2023-11-07_22h25m56s,33,10
2023-11-07_22h16m54s,35,10
2023-11-07_22h21m07s,37,11
2023-11-07_22h23m18s,38,11
2023-11-07_22h15m33s,78,18
2023-11-07_22h13m16s,70,18
2023-11-07_22h12m34s,38,12
2023-11-07_22h14m02s,124,28
2023-11-07_22h11m04s,104,21
2023-11-07_22h11m41s,82,17
2023-11-07_22h10m04s,63,16
2023-11-07_22h09m23s,59,14
2023-11-06_17h41m01s,66,13
2023-11-06_17h40m36s,75,14
2023-11-06_17h39m53s,47,11
2023-11-06_17h38m47s,65,16
2023-11-06_17h38m27s,87,21
2023-11-06_17h36m40s,50,16
2023-11-06_17h32m53s,88,25
2023-11-06_17h33m31s,55,16
2023-11-06_17h31m27s,56,18
2023-11-06_17h29m32s,36,11
2023-11-06_17h23m58s,60,17
2023-11-06_17h28m19s,94,25
2023-11-06_17h21m29s,70,20
2023-11-06_17h20m43s,50,15
2023-11-06_17h16m33s,117,25
2023-11-06_17h18m16s,67,19
2023-11-06_17h17m53s,49,13
2023-11-06_17h13m08s,44,13
2023-11-06_17h04m30s,70,19
2023-11-02_21h49m26s,135,4
2023-11-02_21h52m21s,71,4
2023-11-02_21h49m19s,32,2
2023-11-01_11h33m19s,17,0
2023-10-25_22h45m02s,146,6
2023-10-24_17h13m08s,50,3
2023-10-24_00h12m33s,152,11
2023-10-24_00h12m16s,139,10
2023-10-24_00h11m53s,143,11
2023-10-24_00h11m10s,163,13
2023-10-24_00h11m37s,151,10
2023-10-24_00h11m18s,141,12
2023-10-24_00h10m51s,152,11
2023-10-24_00h06m33s,144,13
2023-10-24_00h10m34s,147,11
2023-10-24_00h06m45s,156,13
2023-10-24_00h05m59s,166,16
2023-10-24_00h06m17s,137,12
2023-10-24_00h05m47s,188,18
2023-10-24_00h05m31s,184,14
2023-10-24_00h04m37s,156,15
2023-10-24_00h04m55s,169,16
2023-10-24_00h01m43s,90,3
2023-10-24_00h01m23s,97,3
2023-10-24_00h01m04s,72,3
2023-10-24_00h00m39s,78,3
2023-10-24_00h00m24s,64,3
2023-10-24_00h00m05s,71,3
2023-10-24_00h00m14s,53,3
2023-10-23_23h59m48s,67,2
2023-10-23_23h57m13s,102,5
2023-10-23_23h59m29s,69,3
2023-10-23_23h59m04s,95,4
2023-10-23_23h56m51s,68,2
2023-10-23_23h55m47s,85,2
2023-10-23_23h56m07s,81,3
2023-10-23_23h55m16s,76,3
2023-10-23_23h55m36s,109,4
2023-10-13_05h47m14s,75,24
2023-10-13_05h44m51s,64,19
2023-10-13_05h46m45s,87,25
2023-10-13_05h45m57s,82,25
2023-10-13_05h44m04s,78,23
2023-10-13_05h39m49s,97,26
2023-10-13_05h42m49s,115,28
2023-10-13_05h41m21s,87,26
2023-10-13_05h29m31s,50,16
2023-10-09_14h51m43s,119,7
2023-10-09_14h52m21s,55,7
2023-10-09_14h51m15s,78,6
2023-10-09_14h50m17s,84,7
2023-10-09_14h50m56s,77,5
2023-10-09_14h49m36s,41,6
2023-10-09_14h49m10s,64,4
2023-10-09_14h47m40s,98,7
2023-10-09_14h48m26s,102,7
2023-10-09_14h46m50s,97,8
2023-10-09_14h42m48s,147,9
2023-10-09_14h42m19s,51,7
2023-10-09_14h41m12s,14,1
2023-10-09_14h40m16s,14,2
2023-10-09_14h38m30s,5,0
2023-10-09_14h37m31s,5,1
2023-10-09_14h20m15s,11,1
2023-10-09_14h18m24s,61,5
2023-10-09_12h20m59s,72,2
2022-05-06_18h26m06s,11,1
2023-10-05_15h23m33s,603,33
2023-10-02_14h56m07s,25,2
2023-09-29_18h44m00s,582,15
2023-09-29_10h49m52s,124,2
2022-04-04_22h54m13s,62,3
2023-09-22_18h11m23s,50,1
2022-05-06_22h55m06s,9,0
2023-09-21_18h37m54s,35,2
2021-08-17_19h30m28s,40,3
2023-09-20_21h04m22s,38,13
2023-09-20_21h01m20s,48,14
2023-09-20_21h02m08s,58,17
2023-09-20_21h00m08s,111,22
2023-09-20_21h00m35s,52,16
2023-09-20_20h58m55s,78,15
2023-09-20_20h59m26s,62,17
2023-09-20_20h57m41s,77,19
2023-09-20_20h54m41s,43,14
2023-09-20_20h57m01s,67,16
2023-09-20_20h52m15s,67,20
2023-09-20_10h59m53s,102,2
2023-09-20_09h58m07s,10,0
2023-09-19_21h50m50s,8,0
2023-09-19_21h30m32s,8,0
2023-09-13_17h44m51s,9,1
2023-09-13_17h09m34s,15,1
2023-09-13_15h42m09s,9,0
2023-09-12_17h43m00s,6,1
2023-09-13_02h23m27s,8,0
2023-09-13_01h23m07s,7,0
2023-09-13_00h55m16s,14,1
2023-09-12_23h10m19s,11,1
2023-09-12_02h11m49s,14,1
2023-09-12_01h11m29s,10,1
2023-09-11_22h42m13s,10,1
2023-09-07_06h10m42s,125,20
2023-09-07_05h52m50s,5,0
2023-09-06_15h29m14s,120,20
2023-09-05_16h59m16s,96,4
2023-09-05_17h06m14s,67,2
2023-09-05_16h36m15s,49,2
2023-09-05_16h12m30s,86,2
2023-09-01_05h13m06s,6,0
2023-08-31_21h51m28s,199,8
2023-08-31_21h50m47s,116,4
2023-08-31_21h50m18s,138,7
2023-08-31_21h50m27s,116,5
2023-08-31_21h47m42s,193,7
2023-08-29_18h36m52s,96,20
2023-08-29_18h37m21s,65,19
2023-08-21_21h01m17s,97,4
2022-07-23_22h47m12s,74,21
2023-08-22_00h48m15s,96,11
2023-08-22_00h47m53s,146,15
2023-08-22_00h47m18s,166,16
2023-08-22_00h46m59s,166,16
2023-08-22_00h46m38s,153,13
2023-08-22_00h44m08s,130,6
2023-08-22_00h44m53s,117,5
2023-08-22_00h46m14s,135,15
2023-08-22_00h38m57s,115,23
2023-08-22_00h43m44s,112,5
2023-08-22_00h28m53s,150,24
2023-08-22_00h43m23s,94,3
2023-08-22_00h26m46s,101,20
2023-08-22_00h23m31s,128,23
2023-08-22_00h14m53s,61,16
2023-08-22_00h18m53s,137,23
2023-08-22_00h16m40s,137,23
2023-08-22_00h17m41s,57,18
2023-08-22_00h05m31s,107,22
2023-08-21_21h10m38s,90,5
2023-08-21_21h41m19s,155,15
2023-08-21_21h38m09s,123,12
2023-08-21_21h37m38s,122,12
2023-08-21_21h36m51s,131,12
2023-08-21_21h32m32s,126,12
2023-08-21_21h31m45s,126,13
2023-08-21_21h31m20s,131,14
2023-08-21_21h30m47s,96,12
2023-08-21_21h13m45s,71,4
2023-08-21_21h13m21s,70,4
2023-08-21_21h13m03s,80,5
2023-08-21_21h12m25s,72,5
2023-08-21_21h12m02s,80,3
2023-08-21_21h11m42s,77,3
2023-08-21_21h11m04s,71,3
2023-08-21_21h10m27s,110,5
2023-08-21_21h10m50s,76,3
2023-08-21_20h59m31s,59,3
2023-08-21_21h07m24s,95,4
2023-08-20_07h36m46s,173,19
2023-08-15_21h27m22s,27,1
2023-08-15_21h26m44s,28,1
2023-08-11_19h24m36s,17,2
2023-08-09_09h14m18s,162,18
2023-08-09_06h11m51s,186,16
2023-08-03_20h32m40s,46,15
2023-08-03_20h35m23s,44,14
2023-08-03_20h34m04s,62,17
2023-08-03_20h21m03s,44,14
2023-08-03_18h30m35s,47,11
2023-08-03_18h29m57s,34,9
2023-08-03_18h28m26s,37,11
2023-08-03_18h26m33s,40,13
2023-08-03_18h27m08s,28,9
2023-08-03_18h26m09s,29,12
2023-08-03_18h24m07s,27,10
2023-08-03_18h22m58s,48,14
2023-08-03_18h23m42s,34,12
2023-08-03_18h22m10s,30,12
2023-08-03_18h21m17s,56,14
2023-08-03_18h20m46s,58,14
2023-08-03_18h18m38s,63,14
2023-08-03_18h18m23s,60,17
2023-08-03_18h11m56s,78,21
2023-08-03_18h10m48s,80,22
2023-08-03_18h03m49s,91,22
2023-08-03_17h50m18s,80,17
2023-08-03_17h48m28s,44,11
2023-08-03_17h45m47s,62,13
2023-08-03_16h39m06s,64,15
2023-08-03_16h26m31s,93,22
2023-08-03_02h12m51s,6,1
2023-08-03_02h11m25s,7,1
2023-08-03_02h10m45s,132,16
2023-08-03_02h09m04s,117,15
2023-08-03_02h10m14s,119,13
2023-08-03_02h09m22s,121,17
2023-08-03_02h09m53s,95,11
2023-08-03_02h08m53s,131,15
2023-08-03_02h07m56s,103,12
2023-08-03_02h08m40s,150,15
2023-08-03_02h08m23s,114,13
2023-08-03_02h05m19s,138,14
2023-08-03_02h04m57s,120,15
2023-08-03_02h04m35s,123,14
2023-08-03_02h04m01s,139,16
2023-08-03_02h03m43s,149,15
2023-08-03_02h02m00s,6,1
2023-08-03_02h02m54s,132,16
2023-08-03_02h01m53s,5,1
2023-08-03_01h53m32s,7,1
2023-08-03_02h01m37s,5,0
2023-08-03_01h54m12s,11,2
2023-08-03_01h52m51s,12,2
2023-08-03_01h53m11s,7,1
2023-08-03_01h52m41s,7,1
2023-08-03_01h52m13s,5,1
2023-08-01_19h02m02s,31,2
2023-08-01_08h47m46s,24,4
2023-08-01_01h43m39s,149,15
2023-08-01_01h42m44s,147,13
2023-08-01_01h42m22s,151,14
2023-08-01_01h41m58s,118,12
2023-08-01_01h41m37s,104,13
2023-08-01_01h41m21s,112,13
2023-08-01_01h40m13s,118,13
2023-08-01_01h36m21s,147,15
2023-08-01_01h40m58s,90,13
2023-08-01_01h35m44s,133,13
2023-07-31_07h24m15s,162,18
2023-07-31_07h32m57s,34,2
2023-07-28_19h36m06s,19,6
2023-07-28_19h39m39s,76,21
2023-07-28_19h37m08s,131,23
2023-07-28_19h38m30s,70,20
2023-07-28_19h35m12s,74,19
2023-07-28_19h32m45s,68,16
2023-07-28_19h34m04s,50,13
2023-07-28_19h31m59s,20,9
2023-07-28_19h29m16s,86,24
2023-07-28_19h32m20s,63,15
2023-07-28_19h27m29s,57,16
2023-07-28_17h21m49s,62,2
2023-07-25_13h27m14s,121,5
2023-07-20_22h55m52s,83,21
2023-07-20_22h49m30s,69,17
2023-07-20_22h46m25s,75,18
2023-07-20_22h44m41s,81,21
2023-07-20_22h43m28s,46,12
2023-07-20_22h42m52s,54,15
2023-07-20_22h42m04s,56,13
2023-07-20_22h41m29s,60,16
2023-07-20_22h39m40s,58,13
2023-07-20_22h38m31s,69,20
2023-07-20_12h23m45s,49,2
2023-07-20_12h22m29s,48,1
2023-07-20_12h21m52s,37,2
2023-07-20_12h21m11s,54,3
2023-07-18_11h56m13s,90,3
2023-07-18_11h54m33s,51,1
2023-07-18_11h53m52s,51,1
2023-07-17_17h36m49s,39,1
2023-07-14_23h53m32s,133,15
2023-07-13_17h22m37s,47,2
2023-07-13_17h22m16s,58,3
2023-07-13_17h20m05s,45,3
2023-07-13_17h19m23s,38,2
2023-07-13_17h20m28s,48,2
2023-07-13_17h19m44s,45,1
2023-07-13_17h18m59s,55,2
2023-07-13_17h18m39s,100,4
2023-07-13_17h15m16s,56,3
2023-07-13_17h16m07s,45,3
2023-07-13_17h14m49s,78,4
2023-07-13_17h13m38s,55,3
2023-07-13_17h14m22s,76,4
2023-07-13_17h06m09s,56,3
2023-07-13_17h10m10s,77,4
2023-07-13_17h05m08s,50,2
2023-06-21_22h13m29s,157,10
2023-07-12_18h34m49s,88,27
2023-07-12_18h37m52s,42,11
2023-07-12_18h37m13s,76,16
2023-07-12_18h34m10s,85,26
2023-07-12_16h18m33s,84,24
2023-07-12_16h23m01s,45,18
2023-07-12_16h17m08s,85,26
2023-07-12_15h48m48s,84,24
2023-07-12_15h46m55s,99,24
2023-07-12_15h45m25s,90,23
2023-07-12_15h42m21s,45,10
2023-07-12_15h41m42s,60,16
2023-07-12_10h05m29s,45,2
2023-07-12_00h11m17s,38,8
2023-07-12_00h00m38s,23,8
2023-07-11_23h49m25s,77,19
2023-07-11_23h46m54s,57,14
2023-07-11_10h44m26s,25,2
2023-07-04_09h18m44s,22,3
2023-06-28_10h32m08s,40,2
2023-06-27_00h53m58s,115,3
2023-06-27_00h54m27s,169,5
2023-06-27_00h53m26s,112,3
2023-06-27_00h53m06s,94,4
2023-06-27_00h52m52s,98,3
2023-06-27_00h52m41s,131,4
2023-06-27_00h29m31s,134,12
2023-06-27_00h29m03s,118,9
2023-06-27_00h27m46s,113,13
2023-06-27_00h28m49s,133,11
2023-06-27_00h28m23s,116,9
2023-06-27_00h24m13s,122,14
2023-06-27_00h24m55s,136,14
2023-06-27_00h17m51s,141,17
2023-06-27_00h16m52s,147,16
2023-06-26_22h48m13s,143,16
2023-06-26_22h46m34s,134,12
2023-06-26_22h45m33s,130,16
2023-06-26_16h10m39s,158,34
2023-06-26_15h58m25s,143,32
2023-06-26_16h10m52s,85,17
2023-06-26_15h47m41s,175,37
2023-06-23_16h24m34s,55,4
2023-06-22_17h07m43s,86,23
2023-06-22_17h06m27s,79,21
2023-06-22_17h04m42s,98,26
2023-06-22_17h02m18s,99,26
2023-06-22_17h00m54s,90,24
2023-06-22_16h57m30s,122,26
2023-06-22_16h51m40s,108,28
2023-06-22_16h56m44s,191,29
2023-06-22_16h48m03s,59,14
2023-06-22_16h46m57s,73,17
2023-06-22_16h45m55s,82,18
2023-06-22_16h44m32s,94,21
2023-06-22_16h38m58s,115,26
2023-06-21_21h25m40s,54,7
2023-06-19_10h46m24s,34,3
2023-06-16_17h03m54s,88,24
2023-06-16_16h59m13s,90,23
2023-06-16_16h55m36s,114,22
2023-06-16_16h52m53s,72,21
2023-06-16_16h49m33s,131,23
2023-06-16_16h46m06s,66,17
2023-06-16_16h43m30s,99,24
2023-06-16_16h42m44s,69,20
2023-06-15_19h49m00s,162,19
2023-06-15_19h48m32s,165,19
2023-06-15_19h14m01s,110,3
2023-06-15_19h48m05s,176,18
2023-06-15_19h46m53s,161,18
2023-06-15_19h21m18s,65,3
2023-06-15_19h43m38s,150,21
2023-06-15_19h45m28s,139,20
2023-06-15_18h37m50s,166,15
2023-06-15_19h15m16s,105,3
2023-06-15_19h39m22s,154,20
2023-06-15_19h24m38s,104,3
2023-06-15_19h39m00s,152,21
2023-06-15_19h13m22s,202,6
2023-06-15_19h37m38s,141,14
2023-06-15_19h37m06s,103,13
2023-06-15_19h36m41s,163,15
2023-06-15_19h36m19s,166,15
2023-06-15_19h22m56s,124,4
2023-06-15_19h22m12s,46,1
2023-06-15_19h14m47s,115,3
2023-06-15_18h52m35s,198,6
2023-06-15_18h52m05s,244,6
2023-06-15_18h51m36s,95,4
2023-06-15_19h25m40s,94,3
2023-06-15_19h25m07s,103,3
2023-06-15_18h37m21s,120,16
2023-06-15_18h35m36s,108,4
2023-06-15_18h35m19s,93,4
2023-06-15_18h29m50s,84,19
2023-06-15_18h16m52s,88,20
2023-06-15_18h06m40s,101,23
2023-06-15_18h06m13s,100,23
2023-06-15_16h45m45s,74,16
2023-06-15_16h46m32s,91,16
2021-09-14_18h57m03s,229,28
2021-09-14_19h07m04s,289,33
2021-09-14_19h16m52s,298,30
2022-08-24_19h47m17s,14,5
2021-09-14_19h08m05s,179,26
2022-08-26_00h06m52s,14,6
2022-08-25_23h56m13s,44,13
2022-08-29_21h38m19s,79,14
2022-08-29_22h01m38s,79,14
2022-08-29_22h13m30s,80,15
2022-08-29_22h21m50s,10,7
2022-08-29_23h12m52s,23,7
2022-08-30_17h14m16s,21,6
2022-08-30_00h07m11s,31,7
2022-08-29_23h26m38s,9,4
2022-08-30_00h27m19s,11,6
2022-08-30_00h14m07s,22,8
2022-08-30_18h23m39s,29,9
2022-08-30_18h05m31s,33,10
2022-08-30_18h00m34s,61,11
2022-08-30_17h51m27s,49,11
2022-08-30_18h26m26s,30,6
2023-06-14_22h50m06s,77,20
2023-06-14_22h46m10s,89,21
2023-06-14_22h42m29s,96,23
2023-06-14_22h40m12s,79,21
2023-06-14_22h41m42s,53,16
2023-06-14_20h59m41s,90,24
2023-06-13_22h45m08s,89,24
2023-06-13_22h45m34s,87,24
2023-06-13_22h38m12s,54,16
2023-06-13_22h40m26s,78,19
2023-06-13_22h32m52s,66,18
2023-06-13_22h37m07s,75,19
2023-06-13_22h29m18s,86,19
2023-06-13_22h31m15s,83,23
2023-06-13_22h07m12s,66,19
2023-06-12_17h03m17s,104,24
2023-06-12_17h05m14s,73,16
2023-06-12_17h01m29s,123,24
2023-06-12_16h59m44s,134,32
2023-06-12_16h51m55s,98,20
2023-06-12_16h57m43s,111,24
2023-06-12_16h56m14s,95,21
2023-06-12_16h53m43s,100,21
2023-06-12_16h44m50s,93,17
2023-06-12_16h52m51s,101,19
2023-06-12_16h48m46s,82,17
2023-06-12_16h41m35s,99,20
2023-06-12_11h10m00s,64,4
2023-06-09_23h42m56s,95,18
2023-06-09_23h44m48s,88,21
2023-06-09_16h41m23s,114,26
2023-06-09_16h48m23s,100,25
2023-06-09_16h38m17s,122,27
2023-06-09_16h34m28s,115,24
2023-06-09_16h33m38s,109,24
2023-06-09_16h31m06s,127,28
2023-06-09_16h23m43s,139,29
2023-06-09_11h28m27s,61,3
2023-06-08_17h11m16s,84,16
2023-06-08_17h09m44s,104,25
2023-06-08_17h06m10s,98,21
2023-06-08_17h04m39s,98,21
2023-06-08_04h14m25s,108,26
2023-06-08_04h08m21s,126,27
2023-06-08_04h04m12s,124,25
2023-06-08_04h01m22s,87,20
2023-06-07_20h51m49s,77,17
2023-06-07_20h42m51s,88,19
2023-06-07_16h49m56s,57,14
2023-06-07_10h57m44s,75,4
2023-06-07_09h55m21s,54,3
2023-06-07_05h04m14s,62,16
2023-06-06_16h03m49s,7,2
2023-06-06_03h17m20s,139,29
2023-06-06_03h16m27s,70,19
2023-06-06_03h13m58s,92,22
2023-06-05_23h45m49s,121,25
2023-06-05_23h45m56s,95,21
2023-06-05_20h01m16s,73,20
2023-06-05_20h00m00s,91,21
2023-06-05_20h01m13s,98,24
2023-06-05_20h00m03s,95,23
2023-06-05_19h56m39s,91,20
2023-06-05_19h56m34s,86,21
2023-06-05_19h42m45s,103,25
2023-06-05_19h41m02s,89,24
2023-06-05_19h42m47s,93,23
2023-06-05_19h40m58s,117,26
2023-06-05_19h31m23s,249,40
2023-06-05_19h31m26s,94,27
2023-06-05_19h30m04s,105,25
2023-06-05_19h30m00s,143,29
2023-06-05_19h29m14s,108,25
2023-06-05_19h29m18s,79,22
2023-06-05_19h28m19s,104,23
2023-06-05_19h28m16s,127,27
2023-06-05_19h19m15s,94,24
2023-06-05_19h24m18s,118,26
2023-06-05_19h19m11s,34,10
2023-06-05_19h24m21s,58,17
2023-06-05_19h17m57s,76,21
2023-06-05_19h18m03s,84,22
2023-06-05_19h16m50s,113,26
2023-06-05_19h15m35s,103,24
2023-06-05_15h17m28s,27,3
2023-06-05_11h45m44s,27,3
2023-06-02_10h47m47s,140,10
2023-06-02_09h42m00s,9,0
2023-02-10_01h21m09s,70,3
2023-05-31_20h11m10s,8,4
2023-05-31_19h01m23s,23,6
2023-05-31_10h36m41s,28,5
2023-05-25_10h07m40s,5,1
2023-05-25_11h19m31s,15,0
2023-05-23_12h33m43s,33,7
2023-05-19_09h33m01s,66,4
2023-05-17_08h38m26s,22,1
2023-05-16_22h06m15s,104,8
2023-05-16_09h36m51s,61,5
2023-05-15_21h06m50s,154,8
2023-05-15_20h29m41s,127,6
2023-05-15_20h02m55s,99,3
2023-05-12_15h13m22s,237,9
2023-05-12_11h52m17s,127,6
2023-05-12_11h37m52s,138,6
2023-05-10_21h49m58s,125,9
2023-05-10_21h07m23s,38,3
2023-05-10_20h44m19s,89,6
2023-05-10_20h38m39s,51,7
2023-05-10_20h07m41s,90,5
2023-05-10_20h03m32s,17,2
2023-05-08_09h47m18s,11,1
2023-05-05_10h29m22s,32,3
2023-05-05_01h32m11s,186,18
2023-05-05_01h33m26s,179,19
2023-03-28_20h57m59s,191,16
2023-03-20_17h38m14s,38,3
2023-05-03_18h33m19s,48,3
2023-05-03_18h31m08s,64,4
2023-04-24_22h39m50s,44,11
2023-04-24_22h31m55s,10,2
2023-05-03_08h58m12s,47,4
2023-05-02_09h37m03s,102,7
2023-05-01_16h35m17s,121,8
2023-04-03_08h30m26s,24,5
2023-03-28_20h59m01s,173,17
2023-04-28_09h19m28s,102,7
2023-04-26_11h34m56s,62,5
2023-04-21_13h44m01s,11,0
2023-04-24_22h41m36s,33,10
2023-04-24_22h38m14s,39,10
2023-04-24_22h36m34s,26,6
2023-04-24_22h37m46s,13,5
2023-04-24_22h34m53s,24,8
2023-04-24_22h29m33s,28,8
2023-04-24_22h30m21s,28,9
2023-04-24_22h28m44s,14,5
2023-04-24_22h21m23s,15,5
2023-04-24_22h18m36s,9,5
2023-04-24_22h16m10s,36,10
2023-04-24_22h12m23s,13,5
2023-04-24_22h17m16s,28,9
2023-04-24_22h14m11s,11,6
2023-04-21_10h06m17s,122,7
2023-04-19_09h49m38s,101,7
2023-04-03_08h43m02s,87,11
2023-04-03_06h27m43s,53,8
2023-04-17_11h43m50s,92,7
2023-04-17_02h56m51s,13,2
2023-04-03_08h14m42s,5,1
2023-04-03_08h11m55s,18,6
2023-04-14_14h06m36s,70,5
2023-04-06_09h26m10s,58,6
2023-04-05_09h43m10s,67,5
2023-04-04_07h50m38s,62,8
2023-04-04_08h03m35s,5,2
2023-03-31_09h47m41s,113,7
2023-03-29_09h11m19s,103,6
2023-03-28_19h39m25s,193,17
2023-03-28_19h33m16s,198,19
2017-07-11_11h29m36s,138,8
2023-03-27_13h13m40s,68,5
2023-03-27_09h31m56s,92,6
2023-03-24_14h37m41s,82,7
2023-03-22_09h05m41s,74,6
2023-03-21_10h21m28s,88,7
2023-03-20_17h58m48s,54,7
2023-03-20_17h32m19s,37,3
2023-03-20_17h26m57s,15,1
2023-03-20_17h26m17s,38,3
2023-03-20_17h18m54s,42,3
2023-03-20_17h19m25s,39,3
2023-03-20_09h22m55s,63,6
2022-04-05_01h59m18s,73,2
2023-03-17_20h13m51s,28,9
2023-03-17_09h20m45s,77,6
2023-03-01_13h24m33s,49,1
2023-03-14_10h25m26s,55,1
2023-03-14_09h01m24s,109,7
2023-03-13_10h22m33s,5,1
2022-05-07_01h01m45s,8,0
2022-05-28_03h10m36s,13,1
2023-03-10_13h38m15s,127,7
2023-03-10_09h10m50s,113,7
2023-03-08_09h10m34s,62,5
2023-03-01_19h28m49s,87,4
2023-03-01_16h06m59s,99,6
2023-03-01_09h29m02s,23,4
2023-02-28_21h25m15s,79,4
2023-02-28_21h24m06s,85,4
2023-02-28_21h24m51s,67,4
2023-02-28_21h18m35s,164,15
2023-02-28_21h23m45s,47,4
2023-02-28_21h19m36s,164,14
2023-02-28_21h23m10s,71,5
2023-02-28_21h22m30s,60,4
2023-02-28_09h38m11s,99,7
2023-02-27_08h56m17s,13,2
2023-02-21_21h00m54s,165,5
2023-02-21_20h23m16s,105,3
2023-02-21_20h20m40s,197,7
2023-02-21_20h03m57s,84,3
2023-02-21_20h15m38s,148,5
2023-02-21_20h05m59s,127,5
2023-02-21_15h15m12s,70,6
2023-02-21_15h07m37s,18,1
2023-02-21_14h46m43s,77,7
2023-02-21_14h50m02s,65,5
2023-02-21_14h48m04s,114,6
2023-02-21_10h54m55s,34,3
2023-02-21_10h22m22s,81,10
2023-02-20_14h20m20s,102,7
2023-02-20_14h21m09s,44,5
2020-10-09_00h27m01s,8,1
2023-02-17_10h17m31s,56,7
2023-02-17_10h17m17s,82,8
2023-02-17_10h17m06s,39,2
2023-02-17_10h06m26s,153,6
2023-02-17_10h09m24s,49,6
2023-02-17_10h08m13s,71,7
2023-02-15_09h02m24s,52,5
2023-02-15_08h58m45s,46,5
2023-02-10_11h47m46s,64,4
2023-02-10_01h20m48s,75,3
2023-02-10_01h19m34s,64,4
2023-02-10_01h19m09s,88,5
2023-02-10_01h20m26s,103,4
2023-02-10_01h19m46s,84,4
2023-02-10_01h17m52s,71,4
2023-02-10_01h04m40s,84,4
2023-02-09_00h27m31s,56,5
2023-02-09_00h16m06s,48,4
2023-02-09_00h13m59s,75,4
2023-02-09_00h14m36s,59,4
2023-02-09_00h14m21s,64,5
2023-02-09_00h13m15s,66,4
2023-02-08_23h57m08s,179,8
2023-02-08_23h53m56s,185,8
2023-02-08_23h52m56s,161,6
2023-02-08_11h57m02s,63,4
2023-01-26_09h32m16s,53,6
2023-01-25_03h20m26s,289,8
2023-01-25_03h42m21s,12,4
2023-01-19_18h43m55s,82,6
2023-01-19_18h42m51s,139,8
2023-01-19_18h41m55s,122,8
2023-01-19_18h41m28s,77,4
2023-01-19_18h40m47s,95,4
2023-01-19_18h40m29s,128,8
2023-01-19_18h36m46s,123,7
2023-01-18_15h40m36s,15,1
2023-01-18_15h41m08s,23,1
2023-01-05_10h55m02s,15,0
2023-01-05_08h44m16s,43,3
2022-12-21_10h54m32s,147,9
2022-12-20_09h20m50s,23,2
2022-12-19_09h18m59s,96,8
2022-11-21_22h57m17s,279,36
2022-11-21_23h06m51s,238,23
2022-11-21_22h52m55s,140,23
2022-11-21_22h54m09s,102,26
2022-11-21_23h18m11s,103,19
2022-11-21_23h17m14s,157,25
2022-11-21_23h30m51s,292,42
2022-11-21_23h25m13s,104,17
2022-12-16_16h08m21s,17,1
2022-12-12_09h28m41s,41,4
2022-12-07_02h13m50s,69,5
2022-12-07_02h13m20s,68,5
2022-12-07_02h10m45s,78,5
2022-12-07_02h09m41s,116,7
2022-12-07_02h08m52s,89,5
2022-12-07_01h57m04s,67,5
2022-12-07_01h59m02s,78,5
2022-12-07_01h56m07s,90,5
2022-12-07_01h54m19s,75,5
2022-12-07_01h53m57s,79,5
2022-12-07_01h02m53s,77,6
2022-12-07_01h01m06s,96,6
2022-12-07_00h59m28s,127,9
2022-12-07_00h58m45s,80,5
2022-12-07_00h58m07s,108,8
2022-12-07_00h57m22s,99,7
2022-12-05_12h03m57s,12,2
2022-01-24_12h07m50s,19,0
2022-12-02_10h02m26s,12,3
2022-12-01_19h18m05s,112,3
2022-12-01_19h18m26s,215,6
2022-11-30_17h32m44s,48,7
2022-11-30_17h28m20s,23,4
2022-11-30_17h28m47s,32,5
2022-11-30_17h27m25s,39,7
2022-11-30_17h25m27s,20,3
2022-11-28_22h16m02s,129,12
2022-11-28_22h18m50s,123,12
2022-11-28_22h17m07s,102,12
2022-11-28_22h25m22s,56,1
2022-11-28_22h24m25s,120,5
2022-11-28_22h23m30s,71,4
2022-11-22_20h36m12s,69,6
2022-11-22_20h36m31s,9,0
2022-11-22_20h27m32s,31,3
2022-11-21_23h43m03s,36,11
2022-11-21_23h44m45s,34,12
2022-11-21_23h40m31s,36,14
2022-11-21_23h39m11s,22,9
2022-11-21_22h13m46s,7,0
2022-11-21_22h12m49s,5,2
2022-11-21_22h09m16s,28,3
2022-11-21_22h13m24s,67,2
2022-11-21_22h03m22s,30,3
2022-11-21_21h55m59s,48,3
2022-11-21_21h28m42s,22,3
2022-11-21_21h19m37s,42,4
2019-06-06_22h03m51s,8,2
2020-09-21_22h18m26s,56,3
2020-09-03_09h05m00s,11,0
2021-05-05_22h21m56s,38,1
2022-02-23_19h47m48s,40,2
2021-05-05_22h22m42s,46,2
2022-01-10_19h25m33s,25,2
2022-11-15_01h49m33s,154,8
2022-11-15_01h53m05s,72,5
2021-12-02_18h38m16s,7,1
2022-11-15_01h43m15s,109,6
2022-11-15_01h33m11s,67,9
2022-11-15_01h35m47s,46,8
2022-11-15_01h27m51s,47,8
2022-11-15_01h18m53s,41,8
2022-11-02_17h36m37s,46,5
2022-11-02_17h32m33s,19,2
2022-11-02_16h29m10s,72,2
2022-11-02_16h26m42s,140,4
2022-10-31_22h34m54s,45,9
2022-10-31_22h40m51s,14,6
2022-10-31_22h36m47s,71,20
2022-10-31_22h30m32s,72,23
2022-10-31_22h25m38s,95,24
2022-10-31_22h28m04s,25,6
2022-10-31_22h19m51s,37,16
2022-10-31_22h11m34s,37,11
2022-10-31_22h13m14s,30,12
2022-10-31_22h06m17s,89,27
2022-10-31_22h01m40s,55,16
2022-10-31_21h54m26s,52,11
2022-10-31_22h02m23s,15,2
2022-10-31_21h48m35s,109,24
2022-10-31_21h52m30s,16,5
2022-10-31_21h51m33s,8,5
2022-10-31_21h45m30s,45,13
2022-10-31_21h42m30s,24,7
2022-10-31_21h38m17s,56,14
2022-10-31_21h36m08s,45,14
2022-10-31_21h31m05s,44,14
2022-10-31_21h29m06s,44,9
2022-10-31_21h20m40s,54,6
2022-10-31_21h12m26s,10,2
2022-10-31_20h44m32s,61,11
2022-10-31_20h36m14s,77,18
2022-10-31_20h16m11s,45,7
2022-10-31_20h25m55s,13,1
2022-10-31_20h18m40s,32,8
2022-10-31_19h46m48s,52,10
2022-10-31_19h43m29s,11,2
2022-10-31_19h33m50s,43,11
2022-10-31_19h30m10s,27,2
2022-10-31_19h37m39s,14,2
2022-10-29_05h44m48s,94,14
2022-10-27_22h05m48s,134,6
2022-10-27_22h05m18s,153,7
2022-10-27_00h45m17s,267,13
2022-10-27_00h44m30s,273,15
2022-10-26_23h02m35s,303,6
2022-10-26_22h59m18s,157,8
2022-10-26_23h00m08s,140,18
2022-10-26_22h57m04s,241,15
2022-10-26_22h55m35s,619,18
2022-10-26_22h54m52s,259,12
2022-10-26_22h52m51s,277,13
2022-10-26_22h45m52s,107,5
2022-10-26_22h48m50s,172,7
2022-10-26_22h47m54s,42,4
2022-10-26_22h46m56s,28,3
2022-10-26_22h44m45s,101,6
2022-10-26_22h40m58s,42,4
2022-10-26_22h31m39s,177,18
2022-10-26_22h29m18s,68,4
2022-10-26_22h29m50s,97,15
2022-10-26_22h28m18s,108,6
2022-10-26_22h25m50s,133,8
2022-10-26_22h21m26s,238,32
2022-10-26_22h22m32s,45,2
2022-10-26_22h20m17s,193,26
2022-10-26_22h18m24s,90,9
2022-10-26_22h16m55s,131,9
2022-10-26_22h15m48s,159,12
2022-10-26_22h15m00s,95,9
2022-10-26_21h33m26s,74,5
2022-10-26_21h35m21s,191,12
2022-10-26_21h26m51s,29,4
2022-10-26_21h30m03s,116,12
2022-10-26_21h32m03s,151,10
2022-10-26_21h31m21s,116,7
2022-10-26_21h25m34s,69,5
2022-05-17_15h40m15s,131,10
2017-05-17_19h49m04s,101,11
2022-10-18_15h28m51s,11,1
2022-10-18_14h44m19s,33,1
2022-10-18_14h52m51s,25,1
2022-10-18_14h40m38s,45,3
2022-10-18_13h46m45s,28,3
2022-10-18_13h36m54s,64,1
2022-10-17_20h30m37s,110,4
2022-10-17_20h29m14s,102,3
2022-10-17_20h24m34s,112,6
2022-01-12_10h42m57s,66,8
2021-04-14_18h12m56s,33,3
2021-04-14_18h06m51s,148,9
2022-09-24_00h16m25s,128,6
2022-09-24_00h14m50s,66,2
2022-09-24_00h13m14s,126,6
2022-09-24_00h10m42s,136,6
2022-09-17_20h44m41s,79,15
2022-09-17_20h58m32s,122,13
2022-09-17_20h36m06s,181,22
2022-09-16_09h16m57s,16,0
2022-09-14_16h14m19s,7,0
2021-06-16_17h16m04s,12,5
2022-08-24_00h20m06s,209,14
2022-08-23_23h48m59s,225,12
2021-06-16_18h38m07s,6,3
2022-08-16_16h18m30s,5,0
2022-08-16_12h31m33s,123,6
2022-08-16_10h14m23s,263,13
2022-07-16_08h03m42s,106,18
2022-07-16_08h00m45s,334,36
2022-07-16_07h49m38s,81,14
2022-07-16_07h41m50s,162,30
2022-07-16_07h15m48s,219,36
2022-07-16_07h35m23s,15,4
2022-07-16_07h24m32s,213,41
2022-07-16_07h38m57s,99,17
2022-08-02_11h16m24s,18,0
2022-07-23_22h57m09s,55,18
2022-07-23_22h57m20s,8,6
2022-07-23_22h56m03s,30,11
2022-07-23_22h54m24s,98,22
2022-07-23_22h52m33s,23,8
2022-07-23_22h51m12s,60,17
2022-07-23_22h49m15s,34,11
2022-07-23_22h48m15s,34,13
2022-07-23_22h44m27s,46,13
2022-07-23_22h43m02s,8,5
2022-07-23_22h32m20s,85,20
2022-06-25_19h56m54s,52,12
2022-07-19_21h35m54s,16,2
2022-07-19_19h29m24s,204,7
2022-07-16_08h05m26s,25,8
2022-07-16_08h01m50s,14,6
2022-07-16_07h59m11s,32,6
2022-07-16_08h06m25s,9,2
2022-07-16_07h57m12s,18,5
2022-07-16_07h54m08s,29,7
2022-07-16_07h55m41s,30,7
2022-07-16_07h52m47s,32,10
2022-07-16_07h47m31s,15,7
2022-07-16_07h51m15s,27,8
2022-07-16_07h45m35s,29,7
2022-07-16_07h42m33s,42,15
2022-07-16_07h37m03s,17,8
2022-07-16_07h29m19s,26,9
2022-07-16_07h21m09s,12,6
2022-07-13_21h31m13s,79,7
2022-07-13_21h31m40s,109,9
2022-07-13_21h30m44s,131,11
2022-07-13_21h32m00s,97,9
2022-07-13_21h30m17s,116,9
2022-07-13_21h29m52s,142,12
2022-07-13_21h29m14s,133,14
2022-07-08_21h54m24s,15,2
2022-07-08_21h30m40s,77,17
2022-07-07_11h49m23s,38,1
2022-07-07_11h43m24s,71,2
2022-07-07_11h36m24s,52,3
2022-07-07_09h50m35s,83,5
2022-07-07_09h50m07s,188,6
2022-07-07_09h49m42s,117,5
2021-02-11_10h43m26s,74,3
2021-02-04_17h49m19s,74,3
2022-06-25_20h09m44s,37,10
2022-06-25_20h08m30s,38,10
2022-06-25_20h06m35s,32,9
2022-06-25_20h04m20s,28,8
2022-06-25_19h59m52s,60,20
2022-06-25_20h02m41s,38,12
2022-06-25_19h53m12s,87,21
2022-06-25_19h56m30s,67,18
2022-06-25_19h55m06s,66,16
2022-06-25_19h49m13s,41,9
2022-06-25_19h48m26s,33,9
2022-06-25_19h49m59s,40,8
2022-06-25_19h51m09s,24,7
2022-06-09_20h25m24s,63,13
2022-06-11_22h18m44s,77,17
2022-06-11_22h36m21s,38,13
2022-06-12_08h07m32s,38,13
2022-06-11_22h44m09s,74,19
2022-06-11_22h53m48s,36,11
2022-06-11_22h49m31s,95,26
2022-06-11_22h48m25s,56,16
2022-06-11_22h46m38s,99,22
2022-06-11_22h46m07s,32,12
2022-06-11_22h45m05s,67,19
2022-06-11_22h42m21s,17,8
2022-06-11_22h42m52s,66,19
2022-06-11_22h41m29s,17,8
2022-06-11_22h38m49s,38,11
2022-06-11_22h37m37s,68,16
2022-06-11_22h35m32s,32,10
2022-06-11_22h34m57s,31,12
2022-06-11_22h32m54s,48,14
2022-06-11_22h33m32s,37,12
2022-06-11_22h31m01s,69,20
2022-06-11_22h31m21s,66,17
2022-06-11_22h29m46s,66,17
2022-06-11_22h27m57s,70,19
2022-06-11_22h24m24s,55,15
2022-06-11_22h21m56s,93,21
2022-06-11_22h26m37s,55,17
2022-06-11_22h26m09s,56,16
2022-06-09_20h36m24s,37,15
2022-06-09_20h40m16s,45,13
2022-06-09_20h35m35s,48,16
2022-06-09_20h33m39s,14,8
2022-06-09_20h32m28s,36,8
2022-06-09_20h31m42s,47,13
2022-06-09_20h30m53s,71,16
2022-06-09_20h29m27s,88,18
2022-06-09_20h30m14s,68,17
2022-06-09_20h28m59s,51,13
2022-06-09_20h28m07s,72,15
2022-06-09_20h26m30s,21,7
2022-06-09_20h24m10s,57,13
2022-06-09_19h06m46s,45,15
2022-06-09_19h05m42s,65,19
2022-06-09_19h04m59s,84,22
2022-06-09_19h02m47s,57,17
2022-06-09_19h04m03s,94,23
2022-06-09_19h00m35s,53,16
2022-06-09_18h59m58s,40,12
2022-06-09_18h59m11s,89,20
2022-06-09_18h58m27s,18,6
2022-06-09_18h57m38s,49,13
2022-06-09_18h56m28s,35,12
2022-06-09_18h55m40s,57,15
2022-06-09_18h53m26s,26,7
2022-06-09_18h54m23s,28,8
2022-06-03_11h47m25s,5,0
2022-06-02_11h38m58s,14,0
2022-05-21_20h06m53s,72,20
2022-05-21_20h06m35s,96,21
2022-05-21_20h04m28s,108,24
2022-05-21_20h04m48s,49,13
2022-05-21_20h03m48s,149,26
2022-05-21_20h02m10s,84,20
2022-05-21_20h01m28s,180,29
2022-05-21_20h02m41s,89,20
2022-05-21_19h59m08s,59,15
2022-04-11_22h09m10s,23,6
2022-04-07_11h16m13s,5,0
2022-04-07_10h47m27s,7,1
2022-04-07_10h47m40s,5,0
2022-04-01_21h01m59s,57,14
2022-03-30_19h40m05s,38,2
2022-03-30_19h29m56s,34,2
2022-03-30_19h20m12s,21,2
2022-03-30_19h09m25s,39,2
2022-03-30_18h56m35s,35,2
2022-03-30_18h38m10s,18,1
2022-03-28_19h38m27s,5,0
2022-03-26_19h16m18s,5,0
2022-03-21_13h17m35s,15,2
2022-03-14_18h29m23s,116,4
2022-03-14_17h57m51s,132,6
2022-03-13_16h30m45s,11,0
2022-03-13_16h32m25s,19,1
2022-03-09_19h12m43s,67,0
2022-03-10_02h56m21s,123,8
2022-03-10_02h44m37s,107,8
2022-03-08_20h56m36s,118,4
2022-03-08_16h44m33s,151,11
2022-03-08_08h31m54s,60,2
2022-03-07_11h16m23s,133,12
2022-03-04_11h13m43s,125,9
2022-03-02_15h56m01s,133,11
2022-02-28_12h37m31s,133,11
2022-02-24_20h58m45s,15,0
2022-02-24_20h57m29s,17,0
2022-02-23_19h48m23s,29,1
2022-02-23_19h52m13s,20,1
2022-02-23_19h50m08s,20,1
2022-02-23_19h49m15s,31,2
2022-02-23_19h48m42s,29,1
2022-02-23_19h48m04s,27,1
2022-02-23_19h47m30s,29,1
2022-02-22_11h06m11s,132,10
2022-02-18_20h13m13s,20,1
2022-02-18_20h15m12s,27,1
2022-02-18_19h35m00s,20,1
2022-02-18_19h10m18s,27,1
2022-02-18_19h11m07s,19,1
2022-02-18_19h10m52s,28,1
2022-02-18_19h10m35s,24,1
2022-02-18_14h33m04s,24,2
2022-02-14_11h58m38s,119,11
2022-02-07_18h14m30s,114,8
2022-02-07_18h06m27s,125,9
2022-02-07_18h05m58s,123,10
2022-02-07_18h03m46s,118,10
2022-02-07_17h44m17s,118,11
2022-01-31_09h55m03s,10,0
2022-01-31_09h44m30s,6,0
2022-01-31_09h18m06s,16,1
2022-01-31_09h08m54s,39,3
2022-01-31_09h30m29s,10,1
2022-01-31_08h54m51s,45,3
2022-01-25_21h20m23s,126,9
2022-01-25_08h08m02s,45,1
2022-01-25_08h09m47s,24,3
2022-01-19_03h09m11s,112,9
2022-01-19_02h46m41s,121,9
2022-01-19_02h30m55s,123,11
2022-01-19_02h06m06s,119,10
2022-01-19_01h41m42s,118,11
2022-01-19_01h21m11s,120,11
2022-01-18_00h25m47s,99,9
2022-01-18_00h17m02s,145,9
2022-01-17_23h48m59s,106,11
2022-01-17_23h33m59s,80,10
2022-01-17_23h21m33s,99,10
2022-01-17_23h04m28s,104,11
2022-01-17_22h44m46s,116,9
2022-01-17_22h32m10s,117,11
2022-01-17_22h30m20s,123,11
2022-01-17_22h28m27s,108,11
2022-01-13_22h49m28s,22,1
2021-12-19_17h58m41s,157,35
2022-01-10_21h13m17s,35,1
2022-01-10_20h48m04s,21,1
2022-01-10_19h40m20s,27,2
2022-01-10_19h47m27s,27,2
2022-01-10_19h33m26s,29,2
2022-01-10_19h25m57s,19,1
2022-01-10_19h24m54s,30,2
2022-01-10_19h24m35s,27,2
2022-01-10_19h24m04s,50,2
2022-01-06_23h33m23s,22,2
2022-01-06_23h34m13s,21,2
2022-01-06_23h35m16s,19,2
2022-01-06_23h32m29s,51,1
2022-01-06_23h31m52s,17,1
2022-01-06_23h30m42s,26,2
2022-01-06_23h31m13s,30,2
2022-01-06_23h30m19s,30,2
2022-01-06_23h29m16s,47,2
2022-01-06_23h29m37s,45,3
2022-01-06_23h29m58s,35,2
2021-12-22_17h46m35s,131,11
2021-12-21_20h51m19s,85,10
2021-12-21_20h41m15s,81,10
2021-12-21_20h29m07s,59,8
2021-12-21_20h15m52s,46,6
2021-12-21_20h02m11s,58,9
2021-12-21_19h47m36s,64,9
2021-12-21_19h26m39s,67,9
2021-12-21_19h16m18s,62,9
2021-12-19_09h43m13s,24,12
2021-12-17_19h12m02s,123,11
2021-12-17_18h48m00s,112,10
2021-12-17_18h44m51s,117,11
2021-12-17_18h08m15s,97,18
2021-12-17_18h16m21s,13,4
2021-12-17_18h11m49s,56,9
2021-12-17_17h55m10s,73,6
2021-12-17_17h50m52s,55,5
2021-12-15_23h40m48s,5,1
2021-12-15_23h32m16s,16,3
2021-12-15_23h36m19s,13,3
2021-12-15_22h57m19s,14,3
2021-12-15_22h54m29s,11,3
2021-12-15_22h39m54s,12,4
2021-12-15_22h37m28s,16,4
2021-12-15_22h31m08s,47,6
2021-12-15_22h16m00s,13,3
2021-12-15_22h08m56s,17,4
2021-12-15_15h43m38s,46,4
2021-12-14_22h50m36s,5,0
2021-12-14_22h24m37s,12,0
2021-12-14_22h11m44s,13,1
2021-12-14_21h55m09s,6,0
2021-12-14_21h48m57s,11,1
2021-12-14_21h49m38s,5,0
2021-12-14_19h26m26s,12,2
2021-12-14_19h24m56s,11,1
2021-12-14_19h25m39s,5,1
2021-12-10_22h10m20s,32,5
2021-12-10_22h06m18s,32,6
2021-12-10_22h01m33s,24,1
2021-12-10_21h52m17s,33,1
2021-12-10_21h42m23s,14,2
2021-12-10_21h01m39s,14,3
2021-12-10_20h57m39s,14,2
2021-12-10_20h53m07s,26,2
2021-12-10_20h41m09s,12,2
2021-12-10_20h33m03s,11,3
2021-12-10_20h27m46s,12,1
2021-12-10_19h41m35s,69,2
2021-12-10_19h30m28s,61,2
2021-12-10_19h17m00s,30,1
2021-12-10_18h52m29s,38,3
2021-12-10_00h52m21s,60,1
2021-12-10_00h00m38s,7,0
2021-12-09_23h53m39s,32,4
2021-12-09_20h48m20s,60,2
2021-12-09_20h15m05s,36,2
2021-12-07_23h52m35s,14,1
2021-12-07_22h32m30s,26,1
2021-12-07_22h31m39s,12,1
2021-12-06_14h55m46s,112,11
2021-12-06_14h44m10s,122,12
2021-12-03_23h38m06s,16,1
2021-12-02_18h40m59s,5,0
2021-12-02_18h38m53s,8,1
2021-12-02_18h37m31s,7,1
2021-12-02_15h44m19s,34,3
2021-12-02_00h41m12s,33,6
2021-12-02_00h38m38s,34,7
2021-12-02_00h37m39s,45,9
2021-12-02_00h34m13s,57,10
2021-12-01_18h59m25s,31,3
2021-12-01_18h57m16s,111,10
2021-12-01_18h54m34s,86,9
2021-12-01_18h44m44s,25,5
2021-12-01_18h49m56s,42,9
2021-12-01_18h52m36s,40,7
2021-12-01_18h47m36s,42,6
2021-12-01_18h22m22s,32,7
2021-12-01_18h16m10s,29,5
2021-12-01_18h08m03s,18,4
2021-12-01_18h03m55s,20,4
2021-12-01_18h00m04s,133,8
2021-12-01_13h25m50s,142,10
2021-09-21_19h04m11s,12,0
2021-11-30_18h29m25s,23,2
2021-11-30_18h26m10s,84,6
2021-11-30_18h24m29s,51,5
2021-11-30_18h19m37s,72,3
2021-11-30_18h17m37s,73,9
2021-11-30_18h15m46s,52,4
2021-11-30_18h12m11s,33,8
2021-11-30_18h08m54s,33,8
2021-11-30_18h02m25s,12,1
2021-11-30_17h58m15s,27,7
2021-11-30_17h50m30s,21,3
2021-11-30_17h43m09s,31,3
2021-11-24_23h20m32s,22,1
2021-11-24_22h30m55s,16,0
2021-11-24_20h45m39s,22,1
2021-11-24_11h05m17s,21,1
2021-11-22_20h00m41s,14,2
2021-11-22_19h41m06s,25,1
2021-11-22_18h47m36s,23,0
2021-11-22_18h04m41s,10,0
2021-11-19_11h35m12s,71,7
2021-11-18_19h06m45s,481,22
2021-11-18_18h54m13s,419,22
2021-11-11_19h49m38s,27,0
2021-11-11_19h10m54s,31,1
2021-11-11_17h53m06s,57,1
2021-11-11_11h49m37s,153,11
2021-11-05_21h04m10s,5,1
2021-11-05_21h01m35s,9,1
2021-11-05_20h59m46s,5,1
2021-11-04_17h13m57s,6,1
2021-11-04_17h12m10s,8,1
2021-11-04_17h07m22s,6,1
2021-11-04_16h59m15s,10,1
2021-11-04_17h01m38s,5,1
2021-11-04_16h55m26s,15,1
2021-11-04_14h12m55s,118,9
2021-11-04_12h41m40s,77,6
2021-11-04_12h13m03s,102,8
2021-11-04_11h38m42s,87,8
2021-11-04_10h59m58s,69,5
2021-10-28_00h20m29s,126,10
2021-10-19_17h14m44s,5,0
2021-10-12_19h05m58s,119,8
2021-10-12_19h01m15s,100,8
2021-10-12_19h00m16s,96,8
2021-10-12_18h59m35s,92,8
2021-10-11_22h02m30s,66,3
2021-10-11_21h07m40s,132,7
2021-10-11_19h38m30s,86,5
2021-10-11_19h06m59s,115,7
2021-10-11_18h34m31s,74,5
2021-09-30_11h26m36s,17,2
2021-09-27_22h29m13s,55,7
2021-09-27_22h23m45s,58,7
2021-09-27_22h16m04s,57,8
2021-09-27_22h03m52s,68,3
2021-09-27_21h46m14s,99,19
2021-09-27_21h48m27s,45,8
2021-09-27_21h29m45s,104,21
2021-09-27_21h27m38s,52,12
2021-09-27_19h51m20s,159,27
2021-09-27_19h36m01s,8,2
2021-09-27_19h25m12s,5,1
2021-09-27_19h13m28s,16,5
2021-09-27_19h07m50s,12,2
2021-09-27_18h57m26s,22,3
2021-09-27_18h40m48s,27,5
2021-09-24_22h15m05s,73,3
2021-09-24_17h51m42s,30,2
2021-09-24_17h50m18s,40,3
2021-09-24_17h52m55s,11,1
2021-09-21_17h27m24s,39,3
2021-09-21_18h58m37s,60,8
2021-09-21_18h12m18s,75,8
2021-09-16_19h55m10s,7,1
2021-09-16_19h24m41s,7,0
2021-09-16_18h57m36s,7,0
2021-09-14_18h48m31s,47,6
2021-09-11_20h48m42s,7,2
2021-09-11_20h45m11s,33,7
2021-09-11_20h43m22s,35,7
2021-09-11_20h39m45s,25,6
2021-09-11_20h29m46s,17,5
2021-09-11_20h26m19s,21,1
2021-09-11_20h16m34s,18,5
2021-09-11_20h05m06s,37,6
2021-09-11_20h00m35s,18,4
2021-09-11_19h53m29s,40,5
2021-09-11_19h49m51s,46,10
2021-09-11_19h45m01s,47,6
2021-09-10_21h28m09s,7,0
2021-09-10_21h15m27s,10,0
2021-09-09_22h15m52s,5,0
2021-09-09_22h14m45s,35,6
2021-09-09_22h13m47s,65,6
2021-09-09_22h12m59s,48,7
2021-09-09_22h12m14s,70,9
2021-09-09_22h11m35s,34,4
2021-09-09_21h09m21s,32,3
2021-09-09_20h57m03s,17,0
2021-09-09_20h42m55s,18,1
2021-09-09_19h54m53s,31,4
2021-09-09_19h48m34s,45,5
2021-09-09_19h42m37s,57,10
2021-09-09_19h38m52s,60,11
2021-09-09_19h29m14s,50,4
2021-09-09_19h22m15s,21,2
2021-09-09_19h19m39s,73,3
2021-09-08_19h40m08s,74,12
2021-09-08_19h35m59s,90,14
2021-08-27_00h01m23s,17,1
2021-08-27_00h00m15s,18,1
2021-08-26_23h59m30s,13,1
2021-08-26_23h58m54s,20,1
2021-08-26_23h57m42s,13,1
2021-08-26_23h57m14s,62,3
2021-08-26_23h58m12s,14,1
2021-08-26_23h56m49s,37,2
2021-08-25_22h58m45s,17,1
2021-08-25_22h52m52s,46,11
2021-08-25_22h51m22s,39,4
2021-08-25_22h41m28s,95,13
2021-08-25_22h44m46s,122,13
2021-08-20_21h56m33s,72,2
2021-08-20_21h55m45s,88,4
2021-08-20_21h54m58s,101,4
2021-08-20_21h54m18s,84,4
2021-08-20_21h53m32s,105,4
2021-08-20_21h52m24s,104,4
2021-08-20_21h53m03s,95,4
2021-08-20_21h51m18s,108,5
2021-08-20_14h13m37s,150,3
2021-08-17_19h24m44s,101,7
2021-08-16_23h52m40s,164,9
2021-08-17_00h06m31s,121,7
2021-08-16_23h37m34s,129,7
2021-08-16_23h22m32s,49,7
2021-08-16_23h23m08s,58,7
2021-08-16_23h19m04s,145,8
2021-08-16_23h18m11s,104,6
2021-08-16_23h23m47s,47,7
2021-08-16_23h19m40s,136,8
2021-08-16_23h21m37s,44,7
2021-08-16_23h21m12s,78,7
2021-08-16_23h20m37s,68,7
2021-08-09_18h51m36s,180,9
2021-08-09_18h39m16s,122,7
2021-08-09_18h40m08s,90,5
2021-08-09_18h34m16s,106,5
2021-08-09_17h33m00s,8,0
2021-08-06_18h34m41s,121,9
2021-08-06_18h15m16s,54,7
2021-08-06_18h19m45s,69,8
2021-08-06_18h13m23s,45,7
2021-08-05_18h30m51s,28,11
2021-08-05_18h24m46s,35,12
2021-08-05_18h20m11s,34,11
2021-08-05_18h11m47s,26,8
2021-08-05_18h06m02s,26,8
2021-08-05_17h50m44s,52,13
2021-08-05_17h48m50s,31,12
2021-07-28_15h49m15s,698,23
2021-07-27_10h34m15s,9,0
2021-07-26_19h51m51s,33,5
2021-07-26_19h51m20s,21,5
2021-07-26_19h49m40s,21,4
2021-07-26_19h49m14s,14,3
2021-07-26_19h50m43s,17,3
2021-07-26_19h50m11s,11,3
2021-07-21_16h26m45s,29,4
2021-07-21_16h26m56s,37,4
2021-07-21_16h26m33s,29,4
2021-07-21_16h26m03s,11,0
2021-07-21_16h26m14s,12,0
2021-07-21_16h25m37s,26,4
2021-07-21_16h26m23s,19,2
2021-07-19_20h25m39s,37,3
2021-07-19_20h27m50s,11,1
2021-07-19_20h29m46s,11,1
2021-07-19_20h26m20s,21,2
2021-07-15_22h32m43s,95,9
2021-07-15_22h33m44s,65,8
2021-07-15_22h33m05s,65,8
2021-07-15_22h34m34s,54,7
2021-07-14_18h53m59s,117,6
2021-07-14_18h53m01s,102,7
2021-07-14_18h51m25s,108,8
2021-07-14_18h50m49s,80,5
2021-07-14_18h52m27s,48,3
2021-07-14_18h48m41s,80,5
2021-07-14_18h42m21s,14,1
2021-07-14_18h43m39s,10,1
2021-07-14_18h39m44s,14,1
2021-07-14_18h37m54s,8,1
2021-07-14_18h38m50s,9,1
2021-07-14_18h40m45s,15,1
2021-07-14_15h52m11s,26,19
2021-07-14_16h28m01s,48,26
2021-07-09_21h44m35s,80,5
2021-07-09_19h36m13s,72,7
2021-07-09_19h36m29s,89,9
2021-07-09_19h32m27s,60,7
2021-05-03_11h34m11s,84,8
2021-05-03_11h38m22s,83,6
2021-06-30_20h08m22s,21,4
2021-06-30_20h08m03s,25,6
2021-06-30_20h07m48s,22,7
2021-06-30_20h07m33s,16,5
2021-06-30_20h07m15s,17,4
2021-06-30_20h05m51s,28,5
2021-06-30_20h07m00s,9,3
2021-06-30_20h06m40s,20,7
2021-06-30_20h06m19s,22,7
2021-06-25_22h13m06s,15,1
2021-06-25_22h11m32s,11,0
2021-06-25_22h09m57s,7,0
2021-06-25_22h08m10s,7,0
2021-06-25_22h06m29s,6,0
2021-06-25_22h03m47s,10,0
2021-06-25_22h04m35s,6,0
2021-06-23_23h32m03s,14,1
2021-06-23_23h31m17s,10,0
2021-06-23_23h29m50s,7,0
2021-06-23_23h28m58s,5,0
2021-06-23_23h27m41s,14,1
2021-06-23_23h26m19s,13,1
2021-06-23_23h25m29s,5,0
2021-06-23_23h24m26s,36,1
2021-06-23_23h22m18s,39,1
2021-06-23_23h19m59s,25,1
2021-06-23_23h19m07s,48,1
2021-06-23_23h18m21s,52,1
2021-06-22_20h35m26s,5,0
2021-06-22_20h23m29s,5,0
2021-06-16_18h56m20s,13,1
2021-06-16_20h37m31s,7,3
2021-06-16_20h39m30s,13,4
2021-06-16_18h48m18s,11,2
2021-06-16_18h33m26s,34,9
2021-06-16_18h29m26s,15,5
2021-06-16_18h28m44s,7,1
2021-06-16_18h25m40s,17,7
2021-06-16_18h28m34s,5,1
2021-06-16_18h28m24s,9,1
2021-06-16_18h28m15s,5,1
2021-06-16_18h28m05s,7,1
2021-06-16_18h27m47s,6,1
2021-06-16_18h27m32s,5,1
2021-06-16_18h21m33s,13,5
2021-06-16_18h15m50s,19,3
2021-06-16_18h07m38s,26,5
2021-06-16_18h03m55s,29,9
2021-06-16_17h56m02s,37,15
2021-06-16_17h53m00s,33,10
2021-06-16_17h48m58s,38,12
2021-06-16_17h41m53s,29,10
2021-06-16_17h33m56s,19,6
2021-06-16_17h24m24s,12,4
2021-06-16_17h08m43s,15,4
2021-06-16_17h00m54s,18,3
2021-06-15_22h44m14s,28,8
2021-06-15_22h15m26s,31,1
2021-06-15_19h28m35s,10,3
2021-06-15_18h49m02s,27,7
2021-06-15_18h32m56s,13,7
2021-06-15_23h19m43s,63,5
2021-06-15_23h02m48s,60,5
2021-06-15_22h49m33s,39,4
2021-06-15_22h25m36s,32,2
2021-06-15_19h43m38s,18,3
2021-06-15_19h40m20s,10,5
2021-06-15_19h36m41s,16,6
2021-06-15_19h26m09s,28,8
2021-06-15_19h06m39s,6,4
2021-06-15_19h03m16s,11,4
2021-06-15_18h58m49s,42,12
2021-06-15_18h55m45s,23,7
2021-06-15_18h00m01s,24,7
2021-06-15_17h52m03s,22,6
2021-06-15_17h41m33s,28,7
2021-06-15_17h34m28s,124,9
2021-06-14_21h22m56s,73,7
2021-06-14_21h20m59s,49,6
2021-06-14_21h23m57s,31,5
2021-06-14_21h25m52s,35,5
2021-06-14_21h18m45s,81,7
2021-06-14_20h01m21s,19,1
2021-06-14_20h06m50s,11,5
2021-06-14_19h44m30s,21,5
2021-06-14_19h34m47s,32,8
2021-06-14_19h18m24s,17,3
2021-06-14_19h03m38s,5,1
2021-06-14_18h39m41s,15,4
2021-06-14_18h19m03s,10,4
2021-06-14_17h50m17s,27,8
2021-06-14_17h42m34s,28,7
2021-06-14_17h26m55s,29,9
2021-06-14_17h21m01s,10,3
2021-06-14_17h19m00s,17,4
2021-06-14_17h15m59s,21,4
2021-06-09_01h40m36s,26,17
2021-06-07_14h44m30s,67,4
2021-06-05_00h47m46s,19,10
2021-06-01_14h31m09s,43,2
2021-06-01_14h32m18s,111,4
2021-05-27_22h31m50s,19,1
2021-05-27_22h34m32s,15,1
2021-05-27_22h15m13s,18,1
2021-05-27_22h18m05s,16,1
2021-05-27_16h07m38s,8,0
2021-05-27_16h08m04s,5,0
2021-05-27_11h19m42s,55,3
2021-05-26_16h04m40s,5,0
2021-05-26_16h04m30s,6,0
2021-05-26_16h03m47s,5,0
2021-05-26_16h04m00s,8,0
2021-05-26_16h03m21s,10,0
2021-05-26_16h03m36s,8,0
2021-05-25_19h35m55s,6,0
2021-05-25_19h36m09s,5,0
2021-05-25_19h34m34s,10,0
2021-05-25_19h35m19s,8,0
2021-05-25_19h35m04s,5,0
2021-05-25_19h34m53s,8,0
2021-05-21_20h30m44s,48,3
2021-05-21_20h28m09s,22,1
2021-05-21_20h21m22s,14,1
2021-05-21_20h20m11s,52,3
2021-05-21_20h19m15s,18,1
2021-05-21_20h16m39s,16,1
2021-05-21_20h17m38s,7,1
2021-05-19_20h13m03s,15,1
2021-05-19_20h11m50s,52,2
2021-05-19_20h10m58s,62,4
2021-05-19_20h09m03s,105,6
2021-05-19_20h10m09s,57,3
2021-05-19_20h07m08s,18,1
2021-05-19_20h06m14s,9,0
2021-05-19_20h05m26s,18,1
2021-05-19_20h04m43s,16,0
2021-05-19_20h04m00s,31,2
2021-05-19_20h03m06s,44,2
2021-05-19_20h02m18s,38,2
2021-05-19_20h01m23s,37,1
2021-05-17_22h58m06s,21,1
2021-05-17_22h13m39s,18,1
2021-05-13_17h43m27s,26,2
2021-05-13_17h44m25s,23,1
2021-05-12_23h26m30s,33,2
2021-05-12_23h02m40s,24,2
2021-05-12_22h28m32s,25,2
2021-05-12_22h26m59s,22,2
2021-05-12_08h22m56s,81,35
2021-05-11_23h56m03s,86,5
2021-05-11_21h33m33s,74,4
2021-05-11_21h32m21s,71,4
2021-05-11_19h42m24s,73,3
2021-05-11_19h43m45s,48,3
2021-05-07_21h10m00s,5,0
2021-05-07_20h10m01s,22,1
2021-05-07_20h08m16s,20,1
2021-05-07_20h08m40s,27,1
2021-05-07_19h54m20s,7,0
2021-05-07_19h47m46s,18,1
2021-05-07_19h45m53s,17,1
2021-05-07_19h24m28s,16,1
2021-05-07_19h15m20s,19,1
2021-05-07_19h15m57s,28,1
2021-05-05_23h52m40s,52,2
2021-05-05_23h29m15s,34,1
2021-05-05_23h28m02s,47,2
2021-05-05_23h28m23s,29,1
2021-05-05_23h21m41s,29,1
2021-05-05_23h19m54s,46,2
2021-05-05_23h20m26s,80,4
2021-05-05_22h03m25s,26,2
2021-05-05_21h48m26s,56,3
2021-05-02_09h04m58s,73,21
2021-05-01_09h25m59s,33,16
2021-04-29_03h13m27s,28,13
2021-04-27_20h27m04s,5,0
2021-04-26_22h00m02s,71,5
2021-04-26_21h47m38s,152,7
2021-04-26_21h50m46s,61,3
2021-04-26_21h35m01s,58,2
2021-04-26_21h29m11s,138,5
2021-04-26_21h29m55s,68,3
2021-04-26_21h27m54s,67,2
2021-04-26_21h05m35s,28,1
2021-04-26_21h10m19s,95,5
2021-04-26_21h15m13s,37,1
2021-04-26_20h42m54s,17,1
2021-04-26_19h59m53s,21,1
2021-04-26_19h41m53s,33,2
2021-04-26_19h43m06s,18,1
2021-04-26_19h16m13s,15,1
2021-04-21_01h23m34s,14,1
2021-04-20_21h33m49s,7,0
2021-04-15_10h29m36s,11,0
2021-04-12_22h56m03s,47,5
2021-04-12_22h56m38s,48,5
2021-04-12_22h55m28s,18,4
2021-04-12_22h21m48s,42,5
2021-04-12_22h22m22s,7,0
2021-04-12_22h13m20s,21,5
2021-03-25_23h14m53s,40,1
2021-03-25_23h05m42s,39,1
2021-03-23_21h45m51s,6,0
2021-03-22_15h30m15s,85,8
2021-03-22_14h42m06s,77,8
2021-03-12_20h00m13s,14,1
2021-03-12_19h52m10s,7,1
2021-03-12_19h31m10s,6,1
2021-03-12_19h20m08s,5,1
2021-03-12_19h10m41s,8,1
2021-03-12_18h37m44s,16,1
2021-03-08_16h31m18s,6,0
2021-02-22_16h52m14s,7,0
2021-02-18_00h38m05s,40,1
2021-02-18_00h37m38s,26,1
2021-02-18_00h36m58s,34,1
2021-02-17_01h27m23s,60,1
2021-02-16_23h43m56s,37,1
2021-02-04_14h37m14s,18,1
2021-02-02_14h45m03s,5,0
2021-02-02_14h21m55s,12,0
2021-01-29_18h18m22s,9,0
2021-01-25_17h27m43s,46,0
2021-01-25_13h09m42s,18,0
2021-01-23_21h49m31s,54,1
2021-01-23_21h46m39s,49,1
2021-01-23_21h42m40s,58,1
2021-01-22_23h48m17s,55,1
2021-01-22_23h00m30s,38,1
2021-01-22_21h44m45s,23,1
2021-01-22_21h35m25s,29,1
2021-01-22_21h03m20s,23,1
2021-01-07_21h49m14s,103,7
2021-01-07_21h32m02s,107,8
2021-01-07_21h06m53s,16,3
2021-01-07_21h06m23s,13,3
2021-01-04_19h12m37s,5,1
2021-01-04_19h09m28s,5,1
2021-01-04_19h07m45s,5,1
2020-12-30_21h22m11s,103,8
2020-12-30_21h21m52s,104,8
2020-12-30_21h21m36s,23,5
2020-12-30_18h59m00s,8,1
2020-12-30_18h53m26s,8,1
2020-12-30_18h56m20s,5,0
2020-12-30_18h47m21s,9,1
2020-12-30_18h41m01s,7,0
2020-12-23_10h14m19s,35,4
2020-12-23_10h13m10s,30,7
2020-12-22_23h17m29s,73,3
2020-12-22_23h09m43s,42,2
2020-12-22_23h04m28s,27,1
2020-12-22_23h01m23s,61,3
2020-12-22_22h54m28s,76,3
2020-12-22_22h52m52s,42,2
2020-12-11_19h37m54s,140,27
2020-12-11_19h31m26s,146,33
2020-12-11_19h25m04s,78,15
2020-12-11_19h22m09s,122,30
2020-12-11_18h54m41s,102,20
2020-12-10_21h03m19s,15,1
2020-12-10_21h02m04s,27,1
2020-12-10_21h00m53s,27,1
2020-12-10_20h59m44s,28,1
2020-12-10_20h28m13s,30,1
2020-12-10_20h27m22s,25,1
2020-12-10_20h26m38s,20,1
2020-12-09_02h41m05s,72,3
2020-12-09_02h40m03s,57,3
2020-12-09_02h36m29s,69,3
2020-12-09_02h35m23s,47,3
2020-12-04_22h06m42s,15,1
2020-12-04_21h59m12s,46,2
2020-12-04_21h52m25s,19,1
2020-12-04_21h45m49s,16,1
2020-12-04_21h34m48s,26,1
2020-12-04_21h29m00s,20,1
2020-12-03_19h24m24s,31,2
2020-12-03_19h22m16s,156,10
2020-12-03_18h35m23s,35,2
2020-12-03_18h45m40s,13,1
2020-12-03_18h37m09s,14,1
2020-12-03_00h07m09s,88,4
2020-12-02_21h31m00s,13,2
2020-12-02_00h36m31s,69,3
2020-12-01_23h07m25s,95,5
2020-12-01_22h59m24s,100,5
2020-12-01_20h18m05s,32,0
2020-11-18_21h53m36s,87,4
2020-11-18_21h50m45s,51,3
2020-11-18_20h24m12s,140,6
2020-11-18_20h23m01s,140,7
2020-11-18_20h21m56s,86,4
2020-11-18_20h19m26s,65,3
2020-11-12_20h48m57s,77,4
2020-11-12_00h16m07s,93,5
2020-11-06_21h38m39s,72,3
2020-11-06_21h04m07s,73,3
2020-11-03_17h04m35s,89,12
2020-10-29_18h17m24s,6,0
2020-10-29_18h16m22s,7,0
2020-10-29_18h12m17s,7,0
2020-10-29_18h11m30s,7,0
2020-10-29_18h09m04s,5,0
2020-10-29_18h02m08s,6,0
2020-10-29_14h41m38s,36,2
2020-10-19_09h37m39s,17,1
2020-10-19_08h32m13s,16,1
2020-10-16_10h02m22s,41,4
2020-10-15_15h44m20s,27,1
2020-10-12_18h36m56s,5,0
2020-10-12_18h36m08s,6,0
2020-10-12_18h30m38s,6,0
2020-09-19_00h26m26s,12,2
2020-10-12_18h29m13s,5,0
2020-10-08_17h42m05s,20,1
2020-10-08_19h59m11s,15,1
2020-10-08_20h37m32s,15,1
2020-10-08_08h54m35s,26,1
2020-10-07_15h53m30s,26,0
2020-10-07_14h37m17s,29,0
2020-10-07_14h35m23s,13,3
2020-10-07_08h44m10s,29,1
2020-10-06_13h09m16s,51,4
2020-10-02_11h04m40s,155,2
2020-10-01_08h16m14s,34,1
2020-09-30_12h18m01s,22,0
2020-09-30_08h33m44s,22,1
2020-09-29_12h44m07s,29,0
2020-09-29_10h31m00s,41,2
2020-09-29_08h19m45s,36,5
2020-09-29_08h10m05s,66,6
2020-09-28_14h23m45s,58,6
2020-09-24_23h46m36s,12,4
2020-09-24_23h46m12s,26,5
2020-09-24_23h45m35s,50,5
2020-09-24_14h43m10s,28,4
2020-09-24_09h18m37s,32,5
2020-09-21_23h56m20s,65,3
2020-09-21_23h02m25s,65,3
2020-09-21_22h38m25s,88,4
2020-09-21_14h39m02s,44,8
2020-09-20_01h24m25s,137,30
2020-09-20_00h41m24s,132,26
2020-09-20_00h09m39s,90,19
2020-09-20_00h00m38s,96,26
2020-09-13_22h32m24s,64,10
2020-09-10_17h33m53s,6,0
2020-09-04_19h45m54s,5,1
2020-09-04_11h03m04s,5,0
2020-09-03_16h30m20s,11,0
2020-09-02_17h55m32s,7,1
2020-09-01_10h04m59s,21,2
2020-08-28_22h38m52s,30,0
2020-08-28_22h26m39s,51,1
2020-08-28_22h18m01s,77,2
2020-08-28_22h10m30s,59,1
2020-08-25_00h14m41s,5,0
2020-08-25_00h12m08s,8,0
2020-08-17_20h59m54s,5,0
2020-07-15_16h59m27s,144,8
2020-07-15_16h58m35s,148,8
2020-07-15_16h57m51s,157,8
2020-07-15_16h57m07s,128,7
2020-07-15_16h56m26s,129,7
2020-07-15_16h55m42s,155,8
2020-07-15_16h55m05s,151,7
2020-07-10_23h06m56s,128,5
2020-07-10_23h05m50s,117,7
2020-07-10_23h05m18s,105,7
2020-07-10_22h06m25s,147,7
2020-07-07_23h55m45s,81,11
2020-07-07_23h55m11s,81,10
2020-07-07_23h47m41s,74,11
2020-07-07_23h30m35s,72,8
2020-07-07_23h34m13s,56,7
2020-07-07_23h29m46s,71,9
2020-07-07_23h15m53s,43,6
2020-07-07_23h15m33s,72,9
2020-07-07_23h15m15s,42,6
2020-07-07_22h56m20s,40,6
2020-07-07_22h48m44s,29,4
2020-07-07_22h44m09s,49,6
2020-06-23_22h16m27s,36,5
2020-06-23_22h14m56s,53,8
2020-06-23_22h07m14s,47,7
2020-06-23_21h50m01s,5,2
2020-06-23_21h30m35s,12,1
2020-06-23_21h25m37s,11,2
2020-06-23_21h08m46s,67,10
2020-06-23_21h07m16s,54,7
2020-06-23_21h06m51s,51,8
2020-06-18_01h19m01s,73,10
2020-06-18_01h23m57s,75,10
2020-06-18_01h14m53s,91,12
2020-06-18_00h57m17s,56,7
2020-06-18_00h54m32s,72,7
2020-06-18_00h53m54s,72,8
2020-06-18_00h37m15s,66,7
2020-06-18_00h32m12s,68,7
2020-06-18_00h29m19s,69,7
2020-06-15_22h44m42s,94,10
2020-06-15_22h38m16s,78,11
2020-06-15_22h34m40s,101,11
2020-06-15_22h11m57s,76,9
2020-06-15_22h17m43s,69,8
2020-06-15_22h11m27s,59,7
2020-06-15_22h04m19s,76,9
2020-06-15_21h42m43s,77,9
2020-06-15_21h46m07s,81,9
2020-06-11_16h28m02s,9,1
2020-06-05_02h05m26s,86,11
2020-06-05_02h02m31s,76,11
2020-06-05_02h02m02s,82,11
2020-06-05_01h47m05s,68,11
2020-06-05_01h46m38s,61,11
2020-06-05_01h33m21s,57,10
2020-06-05_01h19m50s,57,10
2020-06-05_01h17m54s,56,9
2020-06-05_01h14m10s,56,10
2020-06-05_00h59m29s,46,8
2020-06-05_00h55m17s,66,11
2020-06-05_00h52m35s,49,10
2020-05-29_22h04m44s,36,6
2020-05-29_22h04m18s,37,7
2020-05-29_22h03m55s,34,5
2020-05-29_20h44m07s,45,8
2020-05-29_20h39m56s,51,9
2020-05-29_20h35m53s,49,9
2020-05-21_17h34m19s,72,11
2020-05-21_17h33m49s,83,12
2020-05-21_17h33m20s,77,11
2020-05-21_17h08m46s,72,11
2020-05-21_17h08m17s,83,11
2020-05-21_17h07m47s,75,11
2020-05-21_02h52m31s,53,9
2020-05-21_02h52m04s,46,8
2020-05-21_02h51m38s,39,6
2020-05-21_02h49m21s,30,5
2020-05-21_02h48m51s,36,5
2020-05-21_02h49m46s,29,5
2020-05-19_21h56m17s,77,3
2020-05-15_02h34m52s,5,0
2020-05-15_01h59m41s,64,2
2020-05-13_22h55m16s,14,1
2020-05-13_22h52m57s,17,1
2017-05-30_06h56m05s,110,20
2017-05-17_19h50m07s,117,20
2016-09-21_16h07m45s,5,1
2020-03-20_18h40m54s,112,5
2020-03-20_18h40m24s,139,5
2020-03-20_18h39m54s,148,6
2020-03-20_18h39m19s,136,5
2020-03-20_18h38m50s,123,5
2020-03-20_18h38m21s,134,5
2020-03-20_18h37m56s,132,4
2020-03-20_18h37m24s,141,5
2020-03-12_22h22m08s,23,1
2020-03-12_22h21m35s,55,2
2020-03-12_22h19m39s,116,4
2020-03-11_19h05m42s,66,4
2020-03-11_16h40m10s,73,4
2020-03-11_16h38m34s,84,5
2020-02-28_20h48m03s,51,2
2020-02-27_10h30m32s,36,7
2020-02-26_15h07m17s,47,2
2020-02-26_13h04m24s,46,2
2020-02-26_13h04m11s,45,2
2020-02-25_21h02m28s,17,0
2020-02-25_21h01m42s,10,0
2020-02-24_23h22m05s,44,2
2020-02-24_23h18m48s,48,2
2020-02-24_21h21m08s,41,2
2020-02-24_20h44m17s,72,4
2020-02-24_20h07m11s,88,3
2020-02-24_14h29m10s,23,0
2020-02-21_16h54m18s,59,0
2020-02-17_18h19m25s,87,6
2020-02-14_22h36m55s,87,6
2020-01-23_23h04m17s,40,2
2020-01-23_21h59m06s,81,4
2020-01-23_21h23m22s,77,4
2020-01-21_22h56m53s,106,6
2020-01-21_22h10m23s,93,5
2020-01-21_21h26m03s,112,7
2020-01-16_13h41m12s,76,4
2020-01-16_13h13m47s,128,6
2020-01-16_10h14m47s,46,0
2020-01-16_02h57m54s,86,4
2020-01-16_02h08m03s,84,4
2020-01-16_01h54m35s,74,4
2020-01-16_00h04m19s,89,4
2020-01-15_23h06m55s,79,4
2020-01-15_21h34m32s,81,5
2020-01-15_21h08m26s,41,1
2020-01-14_23h33m56s,94,6
2020-01-14_22h29m55s,81,6
2020-01-13_23h01m15s,76,4
2020-01-13_22h57m18s,90,5
2020-01-13_22h56m28s,89,7
2020-01-09_21h14m40s,97,5
2020-01-09_21h03m05s,80,5
2020-01-09_20h17m08s,91,5
2020-01-09_19h06m59s,99,6
2020-01-09_18h42m02s,120,6
2020-01-09_18h27m19s,113,5
2020-01-06_23h24m27s,72,5
2020-01-06_23h13m42s,94,6
2020-01-06_23h13m06s,88,6
2020-01-06_22h04m12s,83,5
2020-01-06_22h03m31s,80,5
2020-01-06_22h02m51s,98,5
2019-12-10_22h08m39s,166,7
2019-12-09_21h13m26s,128,5
2019-12-09_21h07m16s,136,5
2019-12-09_21h03m50s,92,2
2019-12-04_00h41m47s,160,7
2017-01-11_15h07m10s,23,8
2017-01-17_12h33m36s,9,3
2017-01-27_09h01m21s,37,9
2017-01-17_15h18m37s,7,0
2017-01-16_09h23m49s,13,1
2017-01-19_18h32m25s,25,1
2017-01-16_09h28m14s,13,1
2017-01-13_13h34m32s,6,0
2017-01-10_12h54m29s,26,8
2019-11-18_23h58m58s,67,18
2019-11-15_22h06m33s,42,12
2019-11-15_22h02m57s,46,12
2019-11-15_20h55m40s,97,22
2019-11-15_20h49m52s,37,12
2019-11-15_20h42m46s,87,17
2019-11-12_22h20m04s,7,0
2019-11-12_21h24m41s,14,0
2019-11-12_21h23m23s,8,0
2019-11-12_21h22m42s,28,1
2019-11-12_21h21m37s,17,0
2019-11-12_21h20m41s,34,3
2019-11-07_21h38m10s,24,0
2019-11-07_21h36m19s,10,0
2019-11-07_21h34m15s,22,0
2019-11-07_21h33m10s,11,0
2019-11-07_21h32m07s,11,0
2019-11-07_21h10m30s,36,1
2019-11-07_21h07m38s,18,0
2019-11-07_21h04m45s,39,2
2019-11-07_21h02m54s,21,1
2019-11-07_21h00m29s,32,2
2019-11-06_21h43m15s,14,0
2019-11-06_21h41m01s,20,1
2019-11-06_21h38m23s,22,2
2019-11-06_21h36m56s,16,2
2019-11-06_21h35m27s,27,2
2019-11-01_13h33m19s,28,4
2019-10-29_22h04m19s,6,0
2019-10-29_21h57m51s,50,12
2019-10-29_21h53m09s,38,9
2019-10-29_21h47m59s,39,9
2019-10-29_21h43m57s,48,13
2019-10-29_21h40m16s,47,12
2019-10-29_21h37m26s,65,13
2019-10-29_21h29m01s,138,26
2019-10-29_21h23m43s,71,15
2019-10-29_17h49m49s,91,17
2019-10-29_16h53m33s,66,7
2019-10-29_16h40m32s,55,10
2019-10-29_16h33m32s,53,13
2019-10-29_16h28m34s,85,13
2019-10-29_15h20m11s,32,4
2019-10-26_00h19m57s,60,13
2019-10-26_00h15m42s,40,12
2019-10-26_00h11m01s,85,14
2019-10-26_00h00m03s,54,13
2019-10-25_22h58m22s,66,14
2019-10-25_17h25m40s,28,4
2019-10-25_00h00m33s,34,8
2019-10-17_14h27m30s,14,3
2019-10-17_14h26m19s,34,3
2019-10-17_14h25m20s,18,3
2019-10-07_19h34m18s,9,0
2019-10-07_19h30m30s,26,1
2019-10-07_19h25m33s,10,0
2019-10-07_19h23m47s,14,0
2019-10-07_19h16m03s,40,2
2019-10-07_18h36m18s,8,0
2019-10-07_18h29m59s,7,0
2019-10-07_18h24m48s,7,0
2019-10-07_18h18m06s,7,0
2019-10-07_18h11m03s,10,0
2019-10-04_18h30m42s,78,17
2019-10-04_18h20m50s,38,13
2019-10-04_18h04m43s,49,13
2019-10-04_17h59m03s,116,20
2019-10-03_18h25m14s,58,15
2019-10-03_18h20m48s,36,11
2019-10-03_17h21m22s,30,9
2019-10-02_23h34m23s,8,0
2019-10-02_23h29m02s,10,0
2019-10-02_23h26m08s,7,0
2019-10-02_23h18m22s,39,2
2019-10-02_23h14m03s,27,1
2019-10-02_21h55m41s,10,0
2019-10-02_21h48m17s,9,0
2019-10-02_21h42m34s,6,0
2019-10-02_21h36m46s,5,0
2019-10-02_21h30m17s,6,0
2019-10-01_21h36m31s,10,0
2019-10-01_21h35m33s,10,0
2019-10-01_21h34m36s,23,0
2019-10-01_21h33m15s,9,0
2019-10-01_21h13m37s,17,1
2019-09-27_21h24m41s,5,0
2019-09-27_21h23m41s,7,0
2019-09-27_19h22m20s,5,0
2017-01-26_09h08m49s,21,1
2019-09-12_19h53m18s,79,20
2019-09-12_19h43m40s,72,21
2019-09-12_00h42m06s,93,23
2019-09-12_00h37m23s,112,24
2019-09-12_00h25m56s,111,24
2019-09-12_00h13m11s,168,28
2019-09-11_23h54m26s,63,14
2019-09-11_23h46m54s,89,17
2019-09-06_22h35m27s,34,10
2019-09-06_22h27m11s,29,9
2019-09-06_21h51m25s,47,14
2019-09-06_21h31m18s,53,12
2019-09-05_23h41m03s,30,1
2019-09-05_23h40m57s,45,3
2019-09-05_23h40m51s,7,0
2019-09-05_23h36m56s,53,13
2019-09-05_23h29m31s,35,9
2019-09-05_22h29m31s,65,16
2019-09-05_22h17m40s,64,14
2019-09-05_22h06m39s,16,6
2019-09-05_21h58m55s,84,23
2019-09-05_21h34m25s,19,6
2019-09-05_21h18m10s,54,11
2019-06-18_09h35m15s,67,5
2018-05-07_22h32m23s,151,8
2019-08-31_22h37m39s,39,13
2019-08-31_22h28m52s,13,6
2019-08-31_22h07m34s,95,26
2019-08-31_21h46m14s,65,20
2019-08-31_00h34m52s,17,0
2019-08-31_00h29m16s,7,0
2019-08-31_00h28m11s,19,1
2019-08-29_22h39m56s,27,3
2019-08-29_22h31m26s,25,1
2019-08-29_22h27m02s,17,1
2019-08-29_21h22m42s,14,0
2019-08-29_20h22m07s,31,1
2019-08-29_20h09m52s,19,1
2019-08-21_22h53m49s,59,20
2019-08-21_22h45m50s,67,22
2019-08-21_01h16m20s,61,18
2019-08-21_01h08m10s,105,20
2019-08-20_17h16m04s,8,4
2019-08-20_17h06m58s,14,8
2019-08-20_16h59m21s,21,6
2019-08-20_16h53m44s,8,4
2019-08-19_11h28m42s,5,0
2019-08-16_20h47m45s,5,0
2019-08-16_19h02m11s,18,1
2019-08-16_18h27m07s,6,0
2019-08-16_16h59m54s,67,4
2019-08-14_21h39m26s,31,9
2019-08-14_21h36m47s,27,5
2019-08-09_18h18m31s,6,0
2019-08-09_18h15m41s,7,0
2019-08-08_00h15m10s,34,7
2019-01-03_21h35m37s,18,2
2019-08-07_20h04m17s,23,8
2019-08-07_19h58m31s,16,5
2019-08-07_19h44m29s,15,4
2019-07-31_17h35m11s,5,0
2019-08-03_05h20m58s,8,0
2019-08-03_01h09m08s,83,4
2019-08-02_22h56m21s,45,4
2019-08-02_22h43m20s,97,7
2019-08-02_19h56m41s,9,1
2019-08-02_00h10m04s,16,1
2019-08-02_00h07m33s,80,5
2019-07-29_23h28m17s,23,4
2019-07-25_22h38m57s,66,8
2019-07-24_22h18m56s,7,1
2019-07-24_00h20m20s,49,4
2019-07-24_00h11m04s,28,1
2019-07-24_00h05m07s,172,13
2019-07-24_00h01m26s,19,1
2019-07-23_23h51m54s,80,6
2019-07-23_23h36m29s,130,10
2019-07-23_22h53m26s,14,0
2019-07-23_22h45m54s,13,1
2019-07-23_22h38m31s,20,1
2019-07-23_22h34m38s,55,3
2019-07-23_22h22m30s,75,7
2019-07-23_22h15m32s,24,3
2019-07-23_09h45m04s,6,0
2019-07-19_20h47m37s,34,2
2019-07-19_19h41m43s,149,9
2019-07-18_02h26m18s,76,14
2019-07-18_00h17m50s,31,2
2019-07-17_22h01m46s,47,9
2019-07-17_19h06m19s,37,2
2019-07-17_19h05m45s,11,0
2019-07-17_18h53m04s,65,2
2019-07-17_18h46m28s,67,2
2019-07-17_18h39m42s,49,2
2019-07-17_18h32m43s,80,2
2019-07-17_18h20m57s,61,2
2019-07-17_18h19m39s,48,1
2019-07-17_18h18m20s,38,2
2019-07-17_18h17m10s,46,2
2019-07-17_18h16m01s,55,2
2019-07-16_18h50m17s,28,2
2019-07-16_18h37m54s,10,0
2019-07-16_18h25m10s,8,0
2019-07-16_18h04m43s,38,2
2019-07-16_17h42m22s,40,1
2019-07-16_17h41m37s,46,2
2019-07-13_01h29m22s,9,1
2019-07-13_00h19m09s,16,1
2019-07-12_23h23m42s,20,3
2019-07-12_23h13m13s,8,2
2019-07-11_02h08m58s,42,8
2019-07-05_17h30m58s,7,0
2019-07-04_09h52m06s,7,0
2019-07-01_13h06m15s,41,0
2019-07-01_13h04m58s,16,1
2019-06-25_22h49m14s,50,10
2019-06-25_22h37m08s,5,2
2019-06-25_22h30m03s,75,14
2019-06-25_22h19m11s,10,3
2019-06-25_21h52m46s,66,15
2019-06-25_16h15m15s,129,6
2019-06-25_12h14m13s,9,1
2019-06-21_12h03m51s,6,0
2019-06-19_11h02m15s,70,6
2019-06-19_11h01m04s,110,6
2019-06-19_11h00m35s,84,5
2019-06-18_11h10m10s,60,5
2019-06-18_10h29m22s,69,4
2019-06-18_10h25m45s,38,3
2019-06-18_09h47m06s,97,5
2019-06-18_09h46m27s,94,5
2019-06-18_09h40m25s,69,6
2019-06-13_20h45m05s,91,6
2019-06-13_20h00m49s,86,6
2019-06-13_15h40m25s,10,0
2019-06-13_15h39m47s,6,2
2019-06-11_20h15m56s,40,7
2019-06-11_12h05m38s,8,1
2019-06-07_21h24m32s,76,20
2019-06-07_21h05m44s,66,18
2019-06-07_00h10m17s,15,4
2019-06-07_00h09m51s,65,12
2019-06-07_00h02m45s,75,17
2019-06-06_21h53m08s,75,12
2019-06-06_21h41m37s,105,15
2019-06-06_18h27m38s,11,0
2019-06-03_15h12m00s,9,2
2019-05-31_23h00m29s,77,16
2019-05-31_22h51m28s,66,14
2019-05-31_22h44m54s,76,15
2019-05-31_22h23m49s,60,13
2019-05-31_20h52m48s,107,22
2019-05-31_20h44m58s,55,7
2019-05-31_20h33m44s,59,9
2019-05-23_21h07m13s,41,7
2019-05-23_21h01m57s,63,14
2019-05-23_20h55m19s,58,8
2019-05-23_20h46m30s,56,11
2019-05-23_20h28m21s,57,10
2019-05-23_20h21m03s,66,11
2019-05-23_20h12m16s,56,11
2019-05-23_01h05m58s,75,15
2019-05-16_22h06m42s,36,2
2019-05-16_21h41m18s,28,1
2019-05-16_21h34m34s,59,13
2019-05-16_21h27m06s,5,1
2019-05-16_17h44m58s,44,3
2019-05-16_17h22m00s,67,14
2019-05-15_23h06m40s,50,11
2019-05-15_22h27m08s,67,14
2019-05-11_00h48m02s,81,15
2019-05-10_23h18m37s,69,13
2019-05-10_20h18m39s,64,15
2019-05-10_19h06m41s,38,7
2019-05-10_00h32m36s,21,3
2019-05-07_21h14m40s,5,2
2019-05-07_21h07m06s,23,3
2019-05-07_21h02m16s,6,2
2019-05-07_20h58m07s,16,6
2019-05-07_20h53m36s,14,4
2019-05-07_20h47m43s,9,2
2019-05-07_20h38m34s,29,6
2019-05-07_20h30m33s,21,6
2019-04-26_01h16m02s,11,4
2019-04-25_21h12m15s,8,4
2019-04-25_21h09m57s,9,3
2019-04-25_21h04m50s,15,6
2019-04-23_22h26m21s,9,1
2019-04-23_21h23m36s,8,1
2019-04-22_21h13m07s,5,1
2019-04-22_20h23m01s,22,5
2019-04-20_01h02m45s,114,6
2019-04-20_00h55m20s,18,0
2019-04-13_00h14m09s,68,3
2019-04-12_20h22m31s,29,3
2019-04-12_17h01m53s,78,3
2019-04-02_04h53m21s,6,0
2019-04-01_09h01m00s,7,2
2019-03-28_18h03m06s,9,0
2019-03-28_09h18m57s,18,1
2019-03-26_12h54m24s,58,4
2019-03-22_07h46m10s,23,5
2019-03-19_17h21m15s,16,5
2019-03-17_22h44m20s,65,11
2019-03-17_22h37m16s,69,6
2019-03-15_12h31m30s,5,0
2019-03-08_16h52m47s,23,2
2019-03-08_13h30m30s,7,0
2019-03-06_23h29m19s,67,3
2019-03-06_21h52m51s,32,3
2019-03-06_21h42m13s,43,3
2018-10-30_11h52m30s,107,23
2019-02-01_01h55m32s,62,9
2019-01-31_23h06m10s,8,0
2019-01-31_23h04m26s,8,1
2019-01-31_23h01m39s,9,0
2019-01-31_22h59m56s,7,0
2019-01-31_22h59m26s,8,0
2019-01-25_11h26m55s,44,6
2019-01-25_11h24m31s,32,5
2019-01-25_11h22m48s,15,2
2019-01-25_11h20m38s,6,0
2019-01-23_00h34m56s,18,1
2019-01-23_00h33m40s,5,0
2019-01-23_00h32m25s,29,3
2019-01-23_00h30m55s,42,4
2019-01-22_23h37m21s,16,2
2019-01-22_23h35m37s,21,2
2019-01-22_23h34m33s,15,0
2019-01-22_22h19m04s,75,7
2019-01-22_22h17m55s,46,6
2019-01-22_21h37m11s,62,4
2019-01-22_21h35m13s,11,0
2019-01-22_19h55m38s,16,1
2019-01-22_19h52m17s,7,0
2019-01-22_19h50m21s,8,0
2019-01-22_03h04m17s,15,1
2019-01-22_02h51m05s,19,2
2019-01-22_02h14m54s,20,2
2019-01-22_00h08m18s,67,6
2019-01-21_23h13m52s,12,0
2019-01-21_22h44m45s,78,5
2019-01-21_22h41m56s,29,4
2019-01-21_22h38m34s,15,4
2019-01-21_21h35m53s,7,0
2019-01-21_21h08m25s,59,5
2019-01-21_21h05m56s,61,6
2019-01-21_21h04m15s,12,1
2019-01-21_20h31m13s,51,5
2019-01-21_20h24m13s,5,0
2019-01-21_20h20m14s,27,3
2019-01-21_15h59m30s,44,3
2019-01-19_01h28m47s,65,6
2019-01-17_19h54m30s,104,6
2019-01-14_11h59m21s,48,2
2018-12-31_21h38m17s,19,1
2019-01-11_19h04m03s,10,1
2019-01-11_19h03m03s,7,1
2019-01-11_19h00m55s,12,1
2019-01-11_18h59m39s,11,1
2019-01-11_18h58m35s,12,1
2019-01-11_18h57m11s,10,1
2019-01-11_18h56m35s,9,1
2019-01-11_18h55m45s,9,1
2019-01-11_18h54m16s,9,1
2019-01-11_18h53m40s,8,1
2019-01-11_18h51m43s,8,1
2019-01-11_18h50m49s,6,1
2019-01-11_18h50m07s,5,0
2019-01-11_18h49m04s,8,0
2019-01-11_18h48m16s,7,1
2019-01-11_18h46m44s,6,1
2019-01-07_07h55m15s,52,1
2019-01-07_07h52m38s,52,3
2019-01-07_07h46m34s,53,1
2019-01-07_07h43m40s,65,5
2019-01-07_07h39m45s,41,2
2019-01-07_07h33m40s,63,2
2019-01-07_07h26m42s,54,5
2019-01-07_06h48m08s,6,1
2019-01-07_06h44m16s,48,6
2019-01-05_02h22m18s,9,0
2019-01-04_20h32m07s,17,1
2019-01-04_01h25m24s,36,1
2019-01-04_01h24m04s,41,1
2019-01-04_01h22m10s,24,1
2019-01-04_00h50m49s,22,1
2019-01-03_21h37m37s,17,1
2019-01-03_02h01m27s,9,0
2019-01-01_01h15m17s,11,0
2019-01-01_01h13m47s,25,1
2019-01-01_01h10m48s,18,1
2019-01-01_01h09m28s,14,1
2019-01-01_01h07m39s,8,0
2019-01-01_01h07m19s,20,2
2019-01-01_01h03m53s,12,0
2019-01-01_01h00m29s,28,2
2018-12-31_22h59m41s,7,0
2018-12-31_22h53m27s,16,1
2018-12-31_21h23m13s,19,1
2018-12-31_21h17m02s,19,1
2018-12-31_20h58m24s,8,1
2018-12-31_20h51m41s,5,0
2018-12-31_20h42m13s,7,0
2018-12-31_20h35m45s,6,0
2018-12-19_01h26m52s,30,7
2018-12-19_01h25m21s,29,5
2018-12-19_01h22m38s,16,3
2018-12-19_00h37m04s,30,0
2018-12-18_23h29m45s,24,0
2018-12-18_23h26m38s,19,0
2018-12-18_04h37m14s,6,1
2018-12-18_04h31m05s,55,2
2018-12-18_04h27m36s,16,0
2018-12-18_04h24m37s,14,1
2018-12-18_04h20m35s,9,2
2018-12-18_04h17m13s,31,3
2018-12-18_04h14m47s,12,0
2018-12-18_04h11m24s,27,2
2018-12-18_04h07m33s,15,0
2018-12-13_01h14m44s,17,1
2018-12-13_01h26m04s,33,1
2018-12-13_01h23m50s,5,0
2018-12-13_01h18m32s,15,1
2018-12-04_14h23m49s,8,3
2018-12-04_14h21m42s,8,4
2018-11-28_14h47m01s,40,5
2018-11-19_14h25m05s,16,3
2018-11-08_15h29m23s,45,7
2018-10-31_23h53m51s,6,0
2018-10-31_20h46m16s,5,0
2018-10-31_20h28m53s,16,1
2018-10-31_10h26m49s,137,7
2018-10-31_01h48m17s,34,2
2018-02-19_19h43m14s,10,1
2018-02-19_19h41m03s,10,1
2018-02-16_01h12m44s,7,1
2018-02-13_20h18m41s,6,0
2018-02-13_20h17m20s,6,0
2017-12-04_13h09m51s,6,0
2017-11-08_17h05m33s,167,28
2017-10-18_10h57m41s,11,1
2017-10-18_10h02m07s,5,1
2017-09-08_15h15m15s,7,0
2017-09-07_07h55m32s,6,0
2017-05-31_08h59m30s,13,0
2017-04-20_11h36m39s,16,0
2017-03-21_14h30m51s,86,3
2018-10-29_11h02m58s,81,13
2018-10-20_22h35m05s,77,5
2018-10-20_22h34m04s,39,1
2018-10-20_05h20m31s,15,1
2018-10-20_05h12m09s,26,2
2018-10-20_02h20m36s,97,4
2018-10-20_02h16m39s,82,4
2018-10-20_02h14m34s,15,1
2018-10-20_02h06m07s,50,4
2018-10-20_02h00m04s,37,2
2018-10-20_01h15m01s,44,3
2018-10-20_00h40m23s,21,2
2018-10-19_19h55m16s,30,2
2018-10-19_01h14m02s,58,4
2018-10-19_01h06m20s,111,6
2018-10-19_01h04m15s,20,1
2018-10-19_00h56m24s,17,1
2018-10-18_21h47m15s,16,1
2018-10-18_20h20m57s,10,1
2018-10-18_15h53m44s,34,6
2018-10-17_22h21m06s,158,9
2018-10-17_22h16m34s,110,9
2018-10-16_09h53m21s,96,6
2018-10-16_01h42m26s,68,3
2018-10-15_20h09m22s,25,3
2018-10-12_20h06m00s,11,1
2018-10-12_09h25m16s,114,8
2018-10-12_09h21m15s,113,7
2018-10-10_16h26m45s,133,1
2018-10-10_16h26m23s,119,0
2018-10-10_16h26m00s,1149,20
2018-10-10_16h25m24s,948,19
2018-10-10_16h24m52s,871,19
2018-10-10_16h22m48s,137,6
2018-10-10_13h51m24s,249,4
2018-10-06_02h51m57s,264,10
2018-10-06_01h10m58s,16,1
2018-10-06_00h45m03s,15,1
2018-10-06_00h14m13s,16,2
2018-10-05_00h52m32s,34,2
2018-10-05_00h41m00s,24,4
2018-10-05_00h34m22s,8,2
2018-10-05_00h32m12s,12,2
2018-10-05_00h06m28s,34,2
2018-10-04_23h25m43s,52,7
2018-10-04_14h21m09s,12,1
2018-10-04_13h15m33s,13,1
2018-10-04_13h08m18s,22,2
2018-10-04_13h05m32s,31,2
2018-10-01_11h32m56s,31,2
2018-09-30_03h19m19s,74,3
2018-09-30_02h59m45s,80,4
2018-09-30_02h44m49s,48,2
2018-09-30_02h25m25s,39,1
2018-05-15_22h52m29s,7,0
2018-09-20_04h57m51s,46,2
2018-09-13_00h56m28s,59,2
2018-09-16_21h17m40s,74,9
2018-09-16_21h16m30s,73,4
2018-09-16_21h10m17s,87,4
2018-09-08_01h09m34s,35,2
2018-09-08_01h05m09s,39,1
2018-09-08_01h00m45s,52,2
2018-09-08_00h58m48s,53,1
2018-09-07_01h02m31s,53,2
2018-09-07_00h52m21s,203,9
2018-09-07_00h49m45s,92,5
2018-09-04_00h52m04s,47,3
2018-09-04_00h50m59s,35,2
2018-09-04_00h48m58s,139,7
2018-09-04_00h47m25s,28,2
2018-09-04_00h44m59s,75,5
2018-09-01_00h55m05s,117,7
2018-09-01_00h50m21s,93,8
2018-06-16_05h29m11s,126,4
2018-06-16_05h23m01s,33,3
2018-06-16_05h18m01s,62,3
2018-06-14_22h24m01s,33,2
2018-06-14_22h22m09s,5,0
2018-06-14_00h45m31s,95,3
2018-06-13_21h09m17s,7,0
2018-06-13_18h49m40s,15,1
2018-06-13_17h23m20s,123,3
2018-06-13_04h51m16s,25,2
2018-09-15_01h02m20s,14,0
2018-09-14_22h50m32s,55,3
2018-09-14_22h46m10s,19,2
2018-09-14_22h42m37s,54,3
2018-09-14_22h39m12s,80,4
2018-09-14_22h35m17s,17,0
2018-09-14_22h31m58s,16,0
2018-09-14_22h27m56s,47,4
2018-09-14_22h24m28s,45,3
2018-09-14_21h38m44s,66,3
2018-09-14_18h15m42s,103,4
2018-09-13_19h01m31s,55,2
2018-09-13_19h01m05s,37,2
2018-09-13_00h55m56s,79,4
2018-09-13_00h55m36s,105,7
2018-09-12_09h30m56s,26,1
2018-09-12_09h28m04s,52,4
2018-09-12_09h25m43s,44,3
2018-09-12_09h23m46s,23,2
2018-09-12_09h22m21s,15,1
2018-09-12_09h20m47s,20,0
2018-09-12_09h18m46s,60,3
2018-09-12_09h16m30s,71,4
2018-09-12_09h14m40s,43,3
2017-10-26_21h31m12s,24,1
2018-09-07_00h36m53s,88,4
2018-09-07_00h24m18s,61,3
2018-08-17_15h59m07s,25,3
2018-08-15_13h03m38s,6,0
2018-08-15_06h10m47s,13,1
2018-08-15_06h00m28s,21,2
2018-08-14_13h51m52s,41,3
2018-08-13_18h52m28s,62,6
2018-08-13_16h37m16s,41,5
2018-08-10_12h02m46s,60,2
2018-08-10_08h38m31s,13,2
2018-08-08_09h27m46s,9,0
2018-08-03_15h42m22s,58,3
2018-08-01_14h29m27s,66,4
2018-08-01_14h29m09s,66,4
2018-08-01_14h28m50s,66,4
2018-08-01_14h28m11s,79,5
2018-08-01_14h27m50s,79,5
2018-08-01_14h27m24s,79,5
2018-08-01_14h27m07s,72,4
2018-08-01_14h26m50s,72,4
2018-08-01_14h26m33s,72,4
2018-08-01_14h26m17s,74,4
2018-08-01_14h25m56s,74,4
2018-08-01_14h25m21s,74,4
2018-08-01_14h24m55s,77,4
2018-08-01_14h24m33s,77,4
2018-08-01_14h24m14s,77,4
2018-08-01_14h23m58s,79,5
2018-08-01_14h23m33s,79,5
2018-08-01_14h23m16s,79,5
2018-07-27_17h57m26s,6,0
2018-07-27_18h04m54s,5,0
2018-07-27_18h06m37s,5,0
2018-07-27_18h07m45s,6,0
2018-07-27_18h10m54s,5,0
2018-07-27_18h13m46s,14,0
2018-07-27_18h16m06s,15,0
2018-07-27_18h17m11s,6,0
2018-07-27_22h13m55s,6,0
2018-07-25_09h06m12s,11,0
2018-07-23_12h19m37s,10,1
2018-07-23_12h10m59s,107,7
2018-07-16_16h24m29s,9,0
2018-07-16_16h24m14s,41,3
2018-07-13_06h11m18s,139,5
2018-07-13_05h07m12s,28,3
2018-07-13_05h03m14s,97,4
2018-07-12_05h47m52s,101,4
2018-07-12_05h47m22s,68,2
2018-07-12_05h46m53s,109,5
2018-07-12_05h46m20s,80,5
2018-07-12_05h45m53s,15,1
2018-07-12_05h45m15s,5,0
2018-07-12_05h44m23s,7,0
2018-07-12_05h43m43s,20,1
2018-07-12_05h43m15s,48,3
2018-07-12_05h42m47s,69,2
2018-07-12_05h42m13s,83,3
2018-07-12_05h35m16s,94,5
2018-07-05_15h25m32s,62,6
2018-07-05_13h22m46s,182,8
2018-07-02_15h43m23s,7,0
2018-06-29_23h55m20s,79,1
2018-06-29_23h47m27s,13,2
2018-06-29_05h38m12s,87,2
2018-06-29_05h34m01s,108,7
2018-06-27_10h38m13s,27,2
2018-06-21_10h32m41s,8,0
2018-06-19_17h56m29s,11,0
2018-06-19_17h55m51s,12,0
2018-06-19_16h35m33s,10,1
2018-06-19_15h46m47s,6,0
2018-06-19_14h51m48s,9,1
2018-06-19_14h25m04s,5,0
2018-06-19_12h22m30s,12,1
2018-06-19_10h58m22s,5,1
2018-06-19_10h27m28s,10,1
2018-06-18_17h13m15s,299,6
2018-06-14_11h52m22s,5,0
2018-06-14_11h14m15s,6,0
2018-06-14_00h19m20s,6,0
2018-06-13_20h59m48s,26,1
2018-06-13_17h26m27s,5,1
2018-06-13_17h08m57s,13,1
2018-06-13_16h35m41s,5,1
2018-06-13_16h08m09s,7,0
2018-06-13_16h07m27s,27,2
2018-06-13_15h38m54s,5,1
2018-06-13_15h02m01s,5,0
2018-06-13_14h32m29s,8,0
2018-06-13_13h23m21s,6,1
2018-06-13_12h21m16s,5,1
2018-06-13_12h18m22s,10,1
2018-06-13_11h10m24s,7,0
2018-06-12_13h38m16s,13,1
2018-06-12_12h48m40s,7,0
2018-06-12_12h18m48s,6,0
2018-06-12_11h44m53s,5,1
2018-06-12_11h21m38s,13,1
2018-06-12_10h58m33s,5,1
2018-06-08_08h57m39s,49,2
2018-05-31_19h55m45s,5,0
2018-05-31_18h55m06s,6,1
2018-05-30_18h51m08s,13,0
2018-05-30_13h29m30s,9,0
2018-05-30_13h29m17s,26,2
2018-05-30_13h28m54s,8,0
2018-05-20_22h50m27s,103,4
2018-05-20_22h29m50s,13,0
2018-05-20_22h21m55s,84,3
2018-05-20_22h19m15s,52,2
2017-02-24_13h22m14s,112,5
2017-02-24_13h41m16s,17,0
2017-02-24_13h43m48s,5,0
2016-12-15_14h44m22s,40,7
2017-02-24_14h07m42s,12,0
2017-02-24_15h45m51s,51,5
2016-09-22_11h16m27s,208,8
2017-03-28_16h18m53s,15,0
2017-02-24_15h46m45s,32,2
2017-04-13_19h21m14s,31,4
2017-02-24_15h47m37s,51,5
2018-05-15_22h53m36s,7,1
2018-05-15_22h50m35s,15,1
2016-12-20_17h39m05s,89,5
2017-03-11_19h45m55s,13,1
2017-03-29_14h24m36s,5,0
2017-03-29_14h25m26s,5,0
2016-09-22_11h16m23s,186,8
2016-11-18_06h01m50s,71,5
2016-09-22_11h16m12s,5,1
2017-03-29_14h26m15s,5,0
2017-02-27_15h06m24s,11,1
2017-02-27_15h20m11s,14,2
2017-02-27_15h21m19s,16,2
2017-03-01_10h36m33s,14,1
2017-03-01_11h00m22s,12,1
2017-03-29_18h46m32s,9,0
2017-04-14_08h30m43s,14,0
2017-03-29_20h23m06s,9,0
2017-03-01_11h03m05s,12,0
2017-03-01_11h13m38s,18,1
2017-03-01_11h14m11s,8,0
2017-03-01_11h15m16s,14,1
2017-03-16_20h43m09s,24,2
2017-04-16_08h38m38s,36,6
2018-05-15_09h11m01s,7,1
2017-03-30_14h18m07s,14,0
2017-03-06_08h33m40s,47,4
2017-03-06_08h34m29s,17,1
2017-03-06_08h34m55s,64,6
2017-03-31_09h58m35s,14,0
2017-03-06_09h05m45s,99,8
2017-03-06_09h24m43s,28,5
2017-03-06_09h42m26s,42,3
2017-03-06_09h43m40s,21,2
2017-03-06_09h47m11s,6,2
2017-04-04_16h41m45s,14,0
2017-03-06_09h49m35s,22,4
2017-03-06_09h55m19s,76,4
2017-03-06_14h13m54s,17,0
2017-04-05_10h31m07s,14,0
2017-03-11_19h44m47s,21,0
2017-03-06_14h14m34s,38,2
2017-03-06_14h15m09s,89,5
2017-03-06_14h15m50s,47,6
2016-12-01_18h38m52s,67,4
2017-03-06_14h16m43s,27,4
2017-04-05_11h04m36s,13,0
2016-09-22_11h16m36s,7,1
2016-09-22_11h16m32s,5,1
2016-09-22_11h16m15s,284,8
2017-03-06_14h17m07s,16,1
2016-09-21_12h29m13s,15,1
2016-09-21_10h44m53s,5,1
2017-03-09_13h16m48s,13,1
2016-12-21_09h49m12s,71,4
2016-12-21_14h25m44s,122,5
2016-09-21_16h06m54s,10,1
2017-03-11_19h48m10s,169,5
2017-03-17_14h27m23s,5,1
2017-03-11_19h49m12s,23,1
2017-03-12_13h57m48s,23,1
2017-03-11_19h48m26s,21,0
2017-03-11_19h48m39s,25,1
2017-03-12_13h37m09s,33,1
2017-03-12_16h25m29s,6,0
2017-03-13_10h01m52s,24,0
2017-03-13_17h58m28s,24,0
2017-03-13_18h52m34s,24,0
2017-03-12_13h58m17s,11,0
2017-03-11_19h48m59s,11,0
2017-03-11_19h45m33s,89,4
2017-03-11_19h45m05s,169,5
2017-03-11_19h44m06s,23,1
2017-03-11_19h47m10s,13,1
2017-03-11_19h47m36s,89,4
2017-03-11_19h44m20s,11,0
2017-03-11_19h44m33s,25,1
2017-03-16_07h38m50s,53,5
2017-03-07_15h27m06s,8,0
2017-04-11_17h18m34s,12,2
2017-04-13_08h40m09s,7,0
2017-04-13_08h40m32s,5,0
2016-09-21_16h06m56s,202,9
2016-09-21_16h06m57s,292,32
2016-09-21_16h06m58s,122,18
2017-02-17_14h14m55s,24,3
2017-02-17_14h27m32s,20,2
2017-02-17_14h38m11s,33,3
2017-02-17_14h41m43s,118,6
2017-02-17_14h56m37s,127,6
2017-02-17_20h48m57s,47,3
2016-09-22_11h16m30s,15,1
2017-04-13_17h32m56s,21,1
2017-02-22_14h32m43s,23,2
2017-01-05_08h08m58s,14,2
2017-02-22_15h23m44s,16,1
2016-09-22_11h16m38s,253,9
2016-09-23_14h25m30s,71,7
2016-09-21_16h06m55s,95,6
2017-04-21_09h48m56s,11,0
2017-04-28_06h59m53s,13,0
2017-05-04_14h09m49s,21,0
2017-05-07_03h00m52s,168,25
2017-05-07_09h43m22s,45,1
2017-05-07_09h43m33s,45,1
2017-05-07_12h35m51s,25,1
2017-05-07_12h36m18s,25,1
2017-05-07_13h55m35s,49,5
2017-05-07_13h56m07s,49,5
2017-05-07_15h34m03s,26,1
2017-05-07_15h34m30s,26,1
2017-05-07_16h43m13s,37,4
2017-05-07_16h43m57s,37,4
2017-05-08_19h30m09s,11,2
2017-05-09_05h44m46s,8,0
2017-05-09_05h47m33s,74,3
2017-05-09_16h23m46s,53,2
2017-05-09_17h26m11s,24,1
2017-05-09_19h43m56s,32,1
2017-05-10_08h12m08s,43,1
2017-05-10_10h22m26s,23,0
2017-05-10_11h10m14s,23,1
2017-05-10_12h17m32s,23,1
2017-05-10_13h26m03s,51,5
2017-05-10_14h56m10s,17,1
2017-05-10_15h39m00s,31,1
2017-05-10_16h46m54s,13,1
2017-05-10_18h00m39s,44,3
2017-05-10_19h00m46s,13,1
2017-05-10_20h06m38s,56,2
2017-05-12_09h52m00s,23,2
2017-05-12_11h11m36s,45,2
2017-05-16_04h18m52s,200,31
2017-05-16_09h42m59s,57,0
2017-05-16_10h37m26s,77,3
2017-05-16_10h46m51s,203,9
2017-05-16_10h48m33s,115,3
2017-05-16_10h52m29s,119,4
2017-05-16_11h00m04s,7,0
2017-05-16_11h04m46s,5,0
2017-05-16_11h16m12s,11,0
2017-05-16_11h20m31s,10,0
2017-05-16_11h22m50s,8,1
2017-05-16_12h45m48s,95,4
2017-05-16_12h47m29s,83,3
2017-05-16_12h48m54s,66,3
2017-05-16_12h50m05s,35,1
2017-05-16_12h52m03s,87,3
2017-05-16_12h57m55s,68,1
2017-05-16_13h00m40s,87,3
2017-05-16_13h04m24s,58,2
2017-05-16_13h20m49s,5,0
2017-05-16_13h24m53s,5,0
2017-05-16_13h27m43s,14,1
2017-05-16_14h11m12s,52,2
2017-05-16_14h31m33s,104,5
2017-05-16_14h33m03s,74,4
2017-05-16_14h35m27s,124,4
2017-05-16_14h38m44s,167,6
2017-05-17_12h40m08s,39,1
2017-05-17_14h07m12s,402,10
2017-05-17_14h10m57s,362,9
2017-05-18_18h30m26s,103,18
2017-05-19_09h37m37s,137,4
2017-05-19_09h41m27s,115,4
2017-05-22_06h04m51s,14,0
2017-05-22_07h29m08s,34,1
2017-05-22_09h56m23s,7,0
2017-05-16_10h43m36s,86,3
2017-05-10_04h49m33s,9,0
2017-03-14_06h00m36s,136,7
2017-03-14_06h00m37s,128,6
2017-03-14_06h02m26s,143,8
2017-05-10_04h38m54s,6,0
2017-05-10_05h00m43s,19,1
2017-03-14_06h04m25s,85,4
2017-03-14_06h02m25s,68,3
2017-05-12_03h16m36s,5,0
2017-05-12_03h24m21s,7,0
2017-05-12_03h58m18s,7,0
2017-03-14_06h04m24s,79,4
2017-06-01_10h39m28s,15,1
2017-06-02_07h43m36s,80,4
2017-06-02_07h44m31s,70,2
2017-06-02_09h46m25s,7,0
2017-06-02_12h07m06s,9,0
2017-06-06_08h28m48s,17,0
2017-06-14_06h58m45s,57,8
2017-06-14_07h16m26s,18,3
2017-06-16_09h18m44s,14,3
2017-06-16_09h19m03s,14,1
2017-06-19_13h30m21s,9,0
2017-06-20_09h05m03s,91,3
2017-06-20_09h05m27s,86,3
2017-06-20_09h05m59s,165,6
2017-06-20_09h06m25s,183,6
2017-06-20_09h06m53s,27,0
2017-06-20_09h07m24s,30,0
2017-06-20_09h10m18s,32,0
2017-06-20_09h11m13s,29,0
2017-06-20_09h11m44s,75,2
2017-06-20_09h12m20s,34,1
2017-06-20_09h12m44s,149,4
2017-06-20_09h13m08s,134,4
2017-06-20_09h17m52s,30,0
2017-06-20_09h18m28s,75,2
2017-06-20_20h24m42s,334,35
2017-06-22_08h41m52s,102,13
2017-06-22_09h15m00s,87,4
2017-06-22_12h21m24s,28,4
2017-06-23_11h00m14s,22,3
2017-06-23_14h01m14s,46,7
2017-06-23_16h58m35s,21,2
2017-06-24_08h54m43s,17,2
2017-06-24_20h38m32s,6,0
2017-06-25_01h29m08s,46,7
2017-06-25_05h08m18s,42,5
2017-06-26_13h30m53s,23,2
2017-06-28_02h33m21s,11,0
2017-06-28_02h46m21s,8,0
2017-06-28_16h26m05s,17,2
2017-06-30_06h56m21s,7,0
2017-06-30_12h17m49s,11,1
2017-06-30_16h34m59s,13,2
2017-07-05_09h48m47s,7,1
2017-07-07_06h33m43s,8,0
2017-07-07_07h28m05s,27,3
2017-07-07_07h36m00s,5,0
2017-07-07_07h36m40s,7,1
2017-07-07_07h37m30s,128,5
2017-07-07_07h27m49s,5,0
2017-07-14_10h11m25s,80,2
2017-07-14_10h12m09s,85,2
2016-09-22_11h16m09s,56,4
2016-09-22_11h16m40s,103,6
2016-09-22_11h16m11s,100,6
2016-09-22_11h16m33s,88,6
2017-07-17_08h15m59s,15,0
2017-07-17_08h38m46s,15,0
2017-07-18_10h04m10s,176,5
2017-07-18_10h11m20s,155,3
2017-07-18_10h11m46s,151,4
2017-07-18_10h12m23s,186,6
2017-07-18_10h12m54s,151,3
2017-07-18_17h21m08s,62,6
2017-07-20_14h22m38s,157,3
2017-07-20_14h23m17s,163,3
2017-07-21_09h18m17s,159,5
2017-07-21_09h18m43s,155,5
2017-07-21_09h19m02s,164,5
2017-07-21_09h19m20s,154,4
2017-07-21_09h20m28s,171,3
2017-07-21_09h23m08s,159,4
2017-07-21_09h23m33s,158,4
2017-07-21_14h46m19s,177,4
2017-07-21_14h46m39s,170,3
2017-08-01_07h39m54s,128,3
2017-08-01_07h40m37s,168,4
2017-08-01_07h41m18s,157,3
2017-08-01_07h41m55s,175,4
2017-08-01_07h42m41s,167,4
2017-08-01_07h43m16s,143,2
2017-08-01_07h44m05s,160,4
2017-08-01_07h45m10s,173,4
2017-08-01_07h45m52s,164,3
2017-08-01_07h46m52s,171,5
2017-08-01_07h47m38s,159,3
2017-08-01_07h48m41s,156,3
2017-08-01_07h49m27s,171,5
2017-08-01_07h50m05s,173,5
2017-08-01_07h50m35s,158,3
2017-08-01_07h51m06s,142,3
2017-08-01_07h51m51s,171,3
2017-08-01_07h52m24s,160,3
2017-08-04_12h32m36s,156,4
2017-08-04_12h33m17s,162,6
2017-08-04_12h34m05s,206,5
2017-08-04_12h34m49s,184,4
2017-08-04_12h35m23s,151,4
2017-08-04_12h36m19s,161,4
2017-08-04_12h38m01s,170,4
2017-08-04_12h38m34s,167,3
2017-08-04_12h39m49s,162,3
2017-08-08_09h04m00s,181,4
2017-08-08_09h04m28s,181,4
2017-08-08_09h04m59s,170,4
2017-08-08_09h05m39s,154,4
2017-08-08_09h06m39s,171,4
2017-08-08_14h05m38s,178,4
2017-08-08_14h18m50s,184,6
2017-08-08_14h27m05s,187,4
2017-08-08_14h28m01s,163,4
2017-08-08_14h29m07s,189,4
2017-08-08_14h29m48s,166,3
2017-08-08_14h30m09s,186,4
2017-08-08_14h30m25s,178,4
2017-08-08_14h30m45s,171,4
2017-08-09_10h06m25s,182,3
2017-08-09_10h06m42s,174,5
2017-08-09_10h07m05s,168,3
2017-08-09_10h07m28s,158,4
2017-08-23_16h56m26s,35,4
2017-08-30_09h20m22s,7,0
2017-08-30_09h25m09s,251,8
2017-08-30_09h26m47s,178,5
2016-09-22_11h16m16s,83,5
2017-09-07_09h48m54s,5,0
2017-09-07_15h09m00s,150,5
2017-09-07_15h12m25s,109,6
2017-09-07_15h15m49s,11,0
2017-09-08_10h22m41s,145,9
2017-09-08_17h02m04s,153,5
2017-09-08_17h03m15s,7,0
2017-09-08_17h04m10s,6,0
2017-09-08_17h06m13s,6,0
2017-09-08_17h08m29s,120,5
2017-09-14_09h49m14s,67,2
2017-09-14_13h43m01s,103,9
2017-09-20_12h47m52s,22,0
2017-09-20_15h01m03s,197,5
2017-09-20_15h04m32s,12,0
2017-09-20_15h05m16s,6,0
2017-09-20_16h05m07s,26,0
2017-09-20_18h27m41s,62,3
2017-09-21_07h48m19s,86,4
2017-08-28_11h27m01s,17,0
2017-08-22_15h24m03s,7,0
2017-08-22_15h19m15s,7,0
2017-08-22_15h17m27s,81,1
2017-08-22_15h16m21s,126,4
2017-08-16_15h52m56s,164,6
2017-08-16_15h51m46s,180,7
2017-08-11_12h36m33s,7,0
2017-08-11_12h31m52s,98,6
2017-08-11_12h30m20s,205,6
2017-08-07_13h23m40s,161,4
2017-08-07_13h21m54s,186,5
2017-08-07_13h19m42s,193,5
2017-08-07_11h36m05s,5,0
2017-08-07_11h33m16s,7,0
2017-09-23_11h26m14s,41,3
2017-09-23_11h29m21s,52,3
2017-03-21_14h29m27s,122,6
2017-04-25_10h38m59s,6,0
2016-10-13_12h13m20s,42,2
2016-10-13_12h12m09s,23,1
2016-10-13_12h11m22s,26,1
2016-10-13_12h10m24s,53,3
2016-10-13_12h09m30s,33,3
2016-10-13_12h07m49s,34,1
2017-03-24_11h32m36s,9,0
2017-02-09_19h49m02s,79,2
2017-03-24_11h30m19s,7,0
2017-03-24_11h29m56s,5,0
2017-03-24_11h29m22s,12,0
2017-04-13_14h11m29s,6,0
2017-03-21_13h52m49s,25,3
2017-04-11_17h17m17s,9,1
2017-03-16_07h39m48s,33,1
2017-03-13_00h26m13s,17,0
2016-12-19_18h08m41s,21,0
2016-12-16_22h13m46s,22,0
2017-03-10_07h56m21s,44,2
2016-12-16_22h07m51s,27,0
2016-12-16_22h08m07s,38,0
2016-12-16_22h08m23s,22,0
2016-12-16_22h05m54s,15,0
2016-12-16_22h06m04s,16,0
2016-12-16_22h06m12s,12,0
2016-12-16_22h06m26s,22,0
2016-12-16_22h05m32s,13,0
2016-12-16_20h09m06s,6,0
2016-12-15_13h34m42s,5,0
2017-03-06_13h31m28s,11,1
2017-04-05_15h35m46s,5,0
2017-02-09_03h02m47s,13,0
2017-02-09_03h02m19s,10,0
2016-12-16_22h07m04s,5,0
2016-12-16_22h08m42s,33,0
2017-03-03_05h57m45s,27,3
2017-03-02_14h32m20s,12,1
2017-08-16_11h53m50s,68,5
2017-09-25_17h43m05s,54,6
2016-12-15_14h19m59s,104,18
2016-12-15_14h24m12s,114,16
2017-05-12_11h52m24s,106,4
2017-05-12_11h53m32s,83,3
2017-05-19_06h49m48s,125,7
2017-06-02_14h12m42s,22,0
2017-10-04_12h53m56s,45,11
2017-10-04_16h53m28s,124,4
2017-10-04_18h46m42s,5,0
2017-10-06_17h27m50s,5,0
2017-10-06_17h28m48s,6,0
2016-11-25_12h10m00s,17,0
2016-11-25_12h00m00s,81,7
2016-12-01_18h42m02s,94,4
2017-10-26_14h22m44s,321,12
2017-10-26_14h24m44s,160,9
2017-10-26_14h24m46s,241,12
2017-10-26_14h24m51s,258,12
2017-10-26_14h24m54s,244,11
2017-10-26_14h24m56s,253,12
2017-10-26_14h25m00s,235,11
2017-10-26_14h25m01s,371,14
2017-10-26_14h25m05s,214,11
2017-10-26_14h25m10s,227,11
2017-10-26_14h25m14s,403,14
2017-10-26_14h25m17s,403,11
2017-10-26_14h25m19s,318,11
2017-10-26_14h25m22s,202,9
2017-10-26_14h25m23s,168,9
2017-10-26_14h25m25s,257,9
2017-10-26_14h25m28s,299,14
2017-10-26_14h25m31s,372,13
2017-10-26_14h25m33s,283,14
2017-10-26_14h25m35s,327,14
2017-10-26_14h25m37s,324,13
2017-10-26_14h25m40s,322,14
2017-10-26_14h25m44s,387,13
2017-10-26_14h25m48s,352,13
2017-10-26_14h25m51s,393,14
2017-10-26_14h25m56s,365,14
2017-10-26_14h25m58s,334,16
2017-10-26_14h26m05s,328,13
2017-10-26_14h26m10s,297,15
2017-10-26_14h26m15s,305,13
2017-10-26_14h26m17s,279,13
2017-10-26_14h26m20s,366,19
2017-10-26_14h26m24s,454,14
2017-10-26_14h26m27s,326,14
2017-10-26_14h26m30s,357,13
2017-10-26_14h26m35s,366,16
2017-10-26_14h26m37s,245,11
2017-10-26_14h26m40s,230,9
2017-10-26_14h26m42s,217,10
2017-10-26_14h26m45s,358,12
2017-10-26_14h26m47s,321,13
2017-10-26_14h26m51s,265,13
2017-10-26_14h26m53s,297,12
2017-10-26_14h26m56s,349,11
2017-10-26_14h26m59s,242,11
2017-10-26_14h27m03s,418,13
2017-10-26_14h27m06s,236,10
2017-10-26_14h27m10s,276,12
2017-10-26_14h27m13s,298,10
2017-10-26_14h27m16s,227,10
2017-10-26_14h27m20s,291,14
2017-10-26_14h27m23s,264,12
2017-10-26_14h27m24s,214,9
2017-10-26_14h27m26s,280,14
2017-10-26_14h27m27s,248,13
2017-10-26_14h27m30s,239,11
2017-10-26_14h27m32s,229,12
2017-10-26_14h27m39s,332,10
2017-10-26_14h27m41s,302,12
2017-10-26_14h27m45s,347,19
2017-10-26_14h27m48s,307,12
2017-10-26_14h27m51s,282,10
2017-10-26_14h27m53s,245,13
2017-10-26_14h28m03s,227,10
2017-10-26_14h28m06s,355,11
2017-10-26_14h28m09s,239,13
2017-10-26_14h28m11s,298,11
2017-10-26_14h28m14s,189,9
2017-10-26_14h28m17s,155,10
2017-10-26_14h28m19s,202,11
2017-10-26_14h28m25s,223,10
2017-10-26_14h28m29s,302,12
2017-10-26_14h28m31s,204,10
2017-10-26_14h28m32s,147,9
2017-10-26_14h28m40s,256,13
2017-10-26_14h28m43s,241,14
2017-10-26_14h28m49s,257,11
2017-10-26_14h28m51s,244,11
2017-10-26_14h28m52s,142,10
2017-10-26_14h28m54s,181,11
2017-10-26_14h28m57s,439,13
2017-10-26_14h29m02s,362,12
2017-10-26_14h29m04s,250,14
2017-10-26_14h29m06s,143,10
2017-10-26_14h29m08s,257,14
2017-10-26_14h29m10s,227,14
2017-10-26_14h29m13s,158,12
2017-10-26_14h29m21s,358,14
2017-10-26_14h29m24s,327,13
2017-10-26_14h29m27s,224,10
2017-10-26_14h29m29s,231,10
2017-10-26_14h29m31s,245,10
2017-10-26_14h29m34s,343,16
2017-10-26_14h29m36s,394,16
2017-10-26_14h29m39s,341,13
2017-10-26_14h29m41s,141,7
2017-10-26_14h29m43s,114,8
2017-10-26_14h29m45s,165,8
2017-10-26_14h29m46s,123,8
2017-10-26_14h29m48s,595,16
2017-10-26_14h29m50s,442,15
2017-10-26_14h29m51s,303,12
2017-10-26_14h29m53s,310,11
2017-10-26_14h29m55s,266,10
2017-10-26_14h30m02s,306,12
2017-10-26_14h30m05s,273,11
2017-10-26_14h30m07s,307,13
2017-10-26_14h30m14s,205,11
2017-10-26_14h30m18s,291,13
2017-10-31_14h57m15s,9,2
2017-11-02_09h54m13s,11,0
2016-09-22_11h16m42s,66,5
2017-11-09_11h31m02s,18,1
2017-11-09_11h52m43s,10,0
2017-11-09_11h53m16s,6,0
2017-11-09_12h14m35s,12,1
2017-11-09_12h16m04s,6,0
2017-11-09_12h19m29s,5,0
2017-11-09_12h23m31s,5,0
2017-11-09_12h26m31s,5,0
2017-11-10_19h20m00s,69,10
2017-11-13_12h52m27s,8,0
2017-11-13_15h23m20s,48,2
2017-11-13_15h23m47s,22,2
2017-11-13_17h29m37s,10,0
2017-11-16_16h32m59s,437,18
2017-11-16_16h33m59s,302,23
2017-11-16_16h34m01s,427,15
2017-11-16_16h34m04s,245,11
2017-11-16_16h34m06s,404,14
2017-11-16_16h34m09s,244,12
2017-11-16_16h34m13s,323,12
2017-11-16_16h34m19s,221,12
2017-11-16_16h34m22s,256,13
2017-11-16_16h34m24s,150,11
2017-11-16_16h34m26s,220,9
2017-11-16_16h34m27s,172,8
2017-11-16_16h34m29s,301,14
2017-11-16_16h34m32s,180,9
2017-11-16_16h34m39s,233,11
2017-11-16_16h34m43s,207,9
2017-11-16_16h34m46s,211,11
2017-11-16_16h34m53s,212,10
2017-11-16_16h34m56s,223,14
2017-11-16_16h35m03s,252,12
2017-11-16_16h35m05s,281,11
2017-11-16_16h35m08s,360,15
2017-11-16_16h35m12s,367,16
2017-11-16_16h35m13s,250,13
2017-11-16_16h35m16s,181,11
2017-11-16_16h35m18s,217,14
2017-11-16_16h35m20s,276,15
2017-11-16_16h35m22s,143,10
2017-11-16_16h35m25s,221,20
2017-11-16_16h35m27s,288,16
2017-11-16_16h35m30s,186,11
2017-11-16_16h35m33s,142,10
2017-11-16_16h35m35s,179,11
2017-11-16_16h35m38s,211,11
2017-11-16_16h35m43s,140,9
2017-11-16_16h35m45s,138,10
2017-11-16_16h35m49s,142,10
2017-11-16_16h35m51s,142,10
2017-11-16_16h35m52s,161,11
2017-11-16_16h35m55s,329,12
2017-11-16_16h35m58s,191,11
2017-11-16_16h36m00s,181,13
2017-11-16_16h36m07s,234,14
2017-11-16_16h36m10s,212,12
2017-11-16_16h36m12s,226,15
2017-11-16_16h36m14s,210,14
2017-11-16_16h36m16s,188,12
2017-11-16_16h36m22s,180,12
2017-11-16_16h36m25s,216,14
2017-11-16_16h36m29s,251,14
2017-11-16_16h36m32s,224,17
2017-11-16_16h36m37s,230,18
2017-11-16_16h36m39s,230,19
2017-11-16_16h36m42s,255,19
2017-11-16_16h36m44s,232,15
2017-11-16_16h36m46s,256,16
2017-11-16_16h36m50s,247,17
2017-11-16_16h36m54s,288,13
2017-11-16_16h36m58s,294,17
2017-11-16_16h37m00s,287,12
2017-11-16_16h37m03s,294,14
2017-11-16_16h37m05s,150,12
2017-11-16_16h37m07s,296,13
2017-11-16_16h37m09s,327,13
2017-11-16_16h37m11s,261,13
2017-11-16_16h37m14s,433,19
2017-11-16_16h37m17s,291,13
2017-11-16_16h37m19s,292,18
2017-11-16_16h37m21s,209,15
2017-11-16_16h37m24s,209,13
2017-11-16_16h37m27s,276,13
2017-11-16_16h37m29s,199,12
2017-11-16_16h37m32s,241,13
2017-11-16_16h37m34s,208,17
2017-11-16_16h37m36s,241,13
2017-11-16_16h37m39s,225,13
2017-11-16_16h37m41s,304,16
2017-11-16_16h37m44s,277,18
2017-11-16_16h37m46s,237,14
2017-11-16_16h37m52s,391,19
2017-11-16_16h37m55s,253,17
2017-11-16_16h37m58s,280,16
2017-11-16_16h38m00s,236,13
2017-11-16_16h38m02s,281,15
2017-11-16_16h38m04s,228,12
2017-11-16_16h38m11s,279,15
2017-11-16_16h38m14s,244,15
2017-11-16_16h38m16s,167,12
2017-11-16_16h38m18s,324,17
2017-11-16_16h38m23s,378,18
2017-11-16_16h38m25s,239,15
2017-11-16_16h38m28s,253,15
2017-11-16_16h38m30s,265,18
2017-11-16_16h38m33s,273,14
2017-11-16_16h38m35s,252,14
2017-11-16_16h38m37s,141,9
2017-11-16_16h38m40s,144,13
2017-11-16_16h38m41s,167,11
2017-11-16_16h38m43s,178,14
2017-11-16_17h05m34s,427,12
2016-11-16_08h54m21s,48,2
2017-11-27_16h05m41s,133,8
2017-11-27_16h06m20s,134,5
2017-11-27_16h07m06s,130,5
2017-11-28_11h28m57s,5,0
2017-11-28_11h31m05s,11,0
2017-11-28_11h33m40s,188,6
2017-11-30_10h05m20s,7,0
2017-11-09_19h07m28s,23,2
2017-12-04_18h10m05s,22,1
2017-12-05_10h07m09s,5,0
2017-12-11_15h06m45s,105,6
2017-12-11_15h07m13s,118,5
2017-12-11_15h07m56s,124,7
2017-12-15_12h37m04s,46,1
2017-12-19_18h56m22s,10,2
2017-12-19_19h07m46s,76,3
2017-12-19_19h39m15s,38,3
2017-12-21_22h42m02s,16,0
2018-01-03_04h28m36s,35,1
2018-01-04_10h45m23s,92,6
2018-01-04_10h51m07s,92,6
2018-01-04_14h36m35s,83,3
2018-01-04_15h10m02s,109,4
2018-01-08_09h59m55s,8,1
2018-01-08_10h02m38s,92,6
2018-01-08_15h48m36s,194,9
2018-01-10_12h49m21s,77,6
2016-10-14_17h51m23s,102,2
2018-01-18_14h26m27s,9,1
2018-01-18_14h30m45s,55,2
2018-01-18_14h55m11s,6,0
2018-02-12_16h51m32s,5,1
2018-02-12_14h15m39s,5,1
2018-02-13_20h18m03s,5,0
2018-02-13_20h19m16s,8,1
2018-02-13_20h35m56s,7,0
2018-02-13_20h36m51s,6,0
2018-02-13_20h39m16s,8,0
2018-02-15_10h59m46s,92,6
2018-02-16_00h34m32s,5,0
2018-02-16_12h02m57s,57,6
2018-02-19_15h28m15s,43,2
2018-02-20_23h29m33s,10,1
2018-02-21_09h44m22s,24,6
2018-02-21_12h05m43s,18,1
2018-02-21_12h08m15s,45,5
2018-02-21_12h25m02s,35,7
2018-02-21_21h33m39s,10,0
2018-02-21_23h37m14s,12,0
2018-02-22_10h25m27s,94,22
2016-09-22_11h16m17s,51,4
2016-09-22_11h16m07s,34,1
2016-09-22_11h16m41s,73,5
2016-09-22_11h16m28s,59,3
2018-03-20_08h01m36s,5,0
2018-03-20_11h02m36s,59,2
2018-03-21_21h55m34s,8,1
2018-02-14_22h07m55s,6,0
2018-02-09_18h09m36s,12,1
2018-02-09_04h21m14s,6,1
2018-03-21_22h42m33s,14,0
2018-03-21_22h43m36s,17,1
2018-03-21_22h44m46s,22,3
2018-03-21_22h45m19s,18,1
2018-03-21_22h47m20s,19,3
2018-03-21_22h48m38s,11,0
2018-03-21_22h49m53s,20,1
2018-03-21_22h50m36s,8,0
2018-03-22_21h54m19s,9,0
2018-03-26_22h32m23s,94,12
2018-03-28_03h10m03s,44,3
2018-03-28_03h11m51s,38,3
2018-03-29_03h05m06s,28,7
2018-03-29_03h05m52s,19,4
2018-03-29_19h54m56s,7,2
2018-03-29_19h55m48s,11,3
2018-03-30_02h53m39s,12,0
2018-03-30_20h55m30s,12,1
2018-03-30_21h13m37s,19,3
2018-03-30_21h14m12s,15,3
2018-04-03_09h13m51s,15,2
2018-04-04_01h47m14s,5,0
2016-11-18_16h14m36s,5,0
2018-04-04_11h28m01s,20,1
2018-04-04_11h29m57s,33,2
2018-04-04_11h31m42s,23,1
2018-04-04_11h32m58s,29,2
2018-04-04_11h34m34s,19,1
2018-04-04_11h36m29s,6,0
2018-04-04_11h40m29s,15,1
2018-04-04_11h41m21s,20,1
2018-04-04_11h43m06s,22,1
2018-04-04_11h44m52s,21,1
2018-04-04_11h46m04s,27,2
2018-04-04_17h09m40s,7,0
2018-04-04_17h10m27s,6,0
2018-04-04_17h11m32s,6,0
2016-11-16_08h54m53s,42,2
2018-04-06_00h49m06s,20,0
2018-04-06_01h01m52s,15,1
2018-04-06_01h04m49s,7,0
2018-04-09_13h01m16s,15,3
2018-04-09_23h21m32s,76,3
2018-04-11_00h14m34s,42,3
2018-04-12_06h33m33s,7,1
2018-04-16_22h30m01s,74,7
2018-04-23_10h21m21s,42,5
2018-04-23_11h43m58s,42,5
2018-04-23_14h00m27s,51,4
2016-11-15_12h00m00s,116,11
2016-10-10_10h50m00s,140,12
2016-10-10_10h50m02s,61,6
2016-11-15_12h49m00s,30,5
2016-10-10_10h50m03s,94,6
2016-10-10_10h50m01s,25,4
2018-05-03_15h21m06s,14,1
2018-05-03_15h47m02s,14,0
2018-05-03_15h58m08s,12,0
2018-04-25_09h27m43s,15,2
2018-04-27_16h56m19s,14,1
2018-04-27_17h39m20s,12,0
2018-04-27_17h26m55s,13,0
