name_short,9AA,CHCA,CMBT,ClCCA,DAN,DHAP,DHB,MAPS,NEDC,NOR,PNDI,pNA
Acetylcarnitine,4.886191877946075,5.319450462399768,3.981911148679786,4.428264626401542,4.199981035158336,3.7177208474606998,4.911950664535152,0.0,3.0469180493911368,4.751258844135223,0.0,4.9911496282609455
Acetylcholine,5.2850299174302515,5.572536376733258,4.566490205392543,4.78518421515501,4.790064349757254,4.48153681575798,5.402979223742753,3.593916322504951,3.7997756874797908,5.222523934597555,2.47525999718362,5.772044462073681
Agmatine,4.369543585782956,5.190593681094834,4.077262738409808,4.209839991297088,4.229120730833375,3.6329026512083953,4.619301649229592,0.0,3.0412096111933735,3.9190623423749362,0.0,4.638973751098538
Carbamoyl phosphate,0.0,0.0,0.0,0.0,0.0,0.0,0.0,0.0,0.0,0.0,0.0,0.0
Carnitine,5.115363940869954,5.435883229940026,3.7557344013278446,4.487732657459128,3.912685212851694,3.267321701950291,4.921623902404102,0.0,2.863730310816646,4.456398482521913,0.0,4.858113146266022
Choline,5.666215272916145,5.538881852925087,4.780839692503559,4.500679849218761,4.955562301409624,4.205099487038499,5.11517220224919,2.890057557340569,3.6830894744851985,5.338049699918674,2.976688592073006,5.609053103291734
Glycerophosphocholine,4.385973094920684,4.704818841592735,3.510998454042377,3.951009920713536,3.9522189318670327,3.1028722039928263,4.583049844392822,0.0,2.0606773336169772,4.577550138177788,0.0,4.474130365832695
Histamine,2.9899968384718343,4.637251059152158,3.593830160716413,3.761535513638339,3.4431503849523337,3.146640694631079,4.179126333280166,0.0,2.9749761808030866,3.9154629892804254,0.0,4.430009080434769
Propionylcarnitine,5.007917180811387,5.117185388889678,3.8053752820040727,1.7311511078652937,3.651904371184712,3.882652901668313,5.088505681756814,0.0,3.02892486879141,4.872757799789041,0.0,4.86028845883118
Putrescine,0.0,4.252889579568502,2.855943847859885,2.8344914631187055,3.1731736183082315,1.9943150405940724,3.3139172836260298,0.0,0.0,0.0,0.0,3.4152152968417675
Spermidine,3.2822390738927743,4.51894927275082,3.6076781803672113,3.5050352429208167,3.1137413928310216,3.3159360627437087,4.58519845095573,2.359866849026924,2.220013265448055,3.754561484521529,2.449661180953069,4.011643895315859
Spermine,3.402822025695597,4.983876123537144,3.506186613470869,3.6826049875454894,4.131183686380755,3.3429658625140486,4.238204006988464,0.0,2.8784458102985284,4.015827260646655,0.0,4.379420046865444
3-Hydroxyanthranilic acid,3.754200406487889,2.932203129113515,0.0,2.11534785882126,0.0,1.3901428036874959,2.04500602381177,2.9783962542713494,0.0,0.0,2.643654803394157,0.0
4-Hydroxyproline,3.4143983283845,4.485672544312549,3.204633979398526,3.731051703283684,3.759033188509101,3.38420564463507,4.165506515711207,0.0,0.0,3.3420742685134277,0.0,3.5775242983249846
5-Hydroxyindoleacetic acid,2.4740469582468996,0.0,2.7618049081718907,3.3085479164599767,3.8818402471606115,3.089372118799734,3.696997816923011,0.0,0.0,2.3373694978218515,0.0,2.548993275591529
Arginine,4.064415990171011,5.167793577300936,3.962201939959882,4.148970382902825,4.418237831535548,3.5908566125753487,4.727383058982068,1.2967789034989032,2.307297736146466,4.181605782764304,2.9229511079634025,4.856749142892546
Argininosuccinic acid,4.444123141683727,4.629081243186837,2.7143973132735932,3.8608464563530727,3.138474802600664,2.326382895342101,3.984440967917952,0.0,1.1234742285920651,3.522153430526821,0.0,3.3555619207236473
Asparagine,3.055972327319788,4.133695638040821,3.352955661793864,3.3627129101245807,4.457523418653264,2.796606708449163,3.8591037325657216,0.0,2.151807816227289,3.4852995486639076,0.0,3.621121101051775
Aspartic acid,4.208115674739658,3.737620562656972,2.5454130664454153,2.519447484883192,4.342871696654634,0.0,3.086750064680912,0.0,0.0,4.244110968289964,1.306338739142017,3.4143450943723117
Carnosine,5.08200779862078,4.7373494054071354,3.65805519519461,3.9526719626311695,4.5445431761196735,3.6542389794989814,4.503613445421966,0.0,0.0,4.8661395684416835,0.0,4.475227350854433
Citrulline,4.09084440993494,4.486321382493928,3.2677539470643304,4.087221877002554,4.104265369231775,2.219910962566474,4.138901217126908,0.0,0.0,4.1313856429183256,0.0,3.867575841126776
Creatine,2.8886210137553987,4.529666835955426,3.257199016568056,3.6553204726946404,3.5570398541904313,3.530794175301705,4.420963596153217,0.0,0.0,3.339106086624239,0.0,3.800177561207723
Creatinine,3.463932998051824,4.514641454720677,3.8706547607928075,3.2163264295685723,4.078443528003781,3.3232773524753254,4.825139132551135,0.0,2.8664933053573898,4.161985022044176,2.977728099070606,4.445354267229799
Cysteine,2.641369768140955,3.59111001002983,0.0,2.926910090996749,3.538800881031721,2.4633647340993123,2.7677846032270335,2.4126785639702377,1.8618518674178606,3.6599579326240193,0.0,2.9830819144583987
Cystine,3.0412610344968245,2.7111072740765225,0.0,0.0,3.4116844244851157,0.0,2.8336100232832453,0.0,0.0,0.0,0.0,0.0
Dopamine,2.6664941592236446,3.663367969949769,2.727288017178788,3.1224990898019676,3.6946266025438748,3.3337095867186477,3.432267429800564,0.0,0.0,3.466756045553311,0.0,3.1589998408341775
Epinephrine,2.677103883488091,4.07281420742944,2.8573799917771034,2.8539369655237685,3.2774029132483484,2.9748910764100733,3.943600425337871,0.0,0.0,2.7481800777933802,0.0,2.9816860388144475
Glutamic acid,4.543663747937896,4.339802052661461,2.8164342496345323,3.1651000632630235,4.825482117631637,2.6424094533550906,3.69243421131531,0.0,0.0,4.430734159260701,0.0,3.5567301546515693
Glutamine,4.063376375247513,3.9810064362369184,2.8376311333442774,3.3552391217583923,4.439223927977644,3.393537562783378,3.650325401705888,0.0,0.0,3.7662039785884103,0.0,3.4629054140716886
Glutathione,3.9053559789982635,4.9954840469793655,4.127651473008657,4.600190404733087,4.493000239901677,3.9078260053737397,4.552162453317072,0.0,0.0,4.773075134750942,0.0,3.2690266428231043
Glycine,1.7817697815048323,2.7172911075637103,0.0,2.6995291189317365,0.0,1.6289611471964693,2.2507432605727358,0.0,0.0,1.3529634491283682,0.0,1.0883961975028953
Histidine,4.101199476583844,4.770938997635652,3.559121580212498,3.3492104874346666,4.366960797290762,2.7655084545866457,4.4239489844457145,0.0,0.0,4.697105901866103,2.3517433305579925,3.6804506206500913
Homocysteine,0.0,3.0653582539752753,0.0,2.544770072046693,3.512925542759475,2.152881552335368,2.487795883155808,0.0,0.0,2.7689784044496077,0.0,2.9564416891486287
Indole,0.0,0.0,0.0,0.0,0.0,0.0,0.0,0.0,0.0,0.0,0.0,0.0
Kynurenine,2.5647331001824405,3.9805672698312646,3.1275623425368537,2.828684808472966,3.773657429391643,2.7600091513512317,4.124204109099168,2.3310040328393926,1.4498948136335446,2.673485777488017,0.0,3.4996335222852295
L-Dopa,2.730207868451544,3.5009795132231605,0.0,2.843111102521647,3.611785803689496,2.4564869445316093,3.7863000706812158,0.0,0.0,3.88613819107345,0.0,2.9520875943663274
Melatonin,1.7557578089672088,3.7462952625366555,3.6979430187279325,3.2961733123990817,3.771775651507611,3.436316412560301,4.281414510505423,0.0,2.5833256873401864,2.580439183365651,0.0,2.648918013545049
Methionine,2.7870869198414447,3.8723613885138617,2.336178812589262,2.4178304897553513,3.7623084753954577,1.8742054048170311,3.4725005774311053,0.0,0.0,2.8562086093733323,0.0,2.8234768244959367
N-Acetylaspartic acid,5.44490784014757,4.276643230132685,3.3276128870379886,3.3950068445192163,4.668216368163971,3.2049360384372205,3.842570610643221,3.4776994367868332,0.0,4.415048507819425,0.0,4.62160970607566
N-Acetylaspartylglutamic acid,4.51839092249477,4.970218852085905,4.031818024079676,4.60613412991387,4.506790531135473,3.8752212181747754,4.86266268051063,0.0,3.329512367484039,4.86489377383505,0.0,4.150869811217179
"N6,N6,N6-Trimethyllysine",5.0615058285104055,5.741328829408304,3.7177441179973627,4.049170421153684,3.9615788206375204,3.4537492170286423,5.077146983392861,0.0,3.581395491363495,4.816856901734265,0.0,4.85452111904655
Ornithine,2.254812102017839,4.197875712640728,3.0517177679989036,3.2289165542337126,3.5253179247792814,2.6400942862122156,3.5545770397163237,0.0,1.2595823644351636,3.0886782743317114,0.0,3.5107965064727598
Oxidized glutathione,5.547522191736174,5.5249097995510015,4.690418278252992,4.90350181173223,4.587713018654629,3.827648423039433,5.26879534784728,0.0,2.462047125966896,5.048941152511785,0.0,4.9086193645204865
Pantetheine,3.1138979180505144,4.704229411659607,3.4155706518520126,3.7587735551414205,4.051624123200013,3.3720398785513597,4.278806977721645,0.0,2.906298330515603,4.356814165995601,3.047350759069231,3.7244334939869987
Phenylalanine,3.1226056211198427,4.0174909393964695,3.010806903031796,2.891899318366339,3.3533431148267385,2.3770362633450377,3.8040374422892667,2.3698845456059763,0.0,3.711720493880797,2.130128185959443,3.440118507153674
Phosphocreatine,3.488606621266416,0.0,0.0,1.337866498424921,0.0,0.0,2.200488865784322,0.0,0.0,0.0,0.0,0.0
Phosphoserine,0.0,0.0,0.0,0.0,0.0,0.0,0.0,0.0,0.0,0.0,0.0,0.0
Proline,2.8448850221755446,4.503749521357636,3.3610472912051814,3.398023777735341,4.39633924390047,3.329153649733512,4.119041104614345,0.0,0.0,3.2424001602374086,0.0,3.6396233298366356
S-Adenosylhomocysteine,4.415567222124578,4.882286342663466,4.3459962745841585,4.507488621632859,4.588543194993111,3.097295182964418,5.34382833692133,0.0,2.2807414050491386,4.4337042129098805,0.0,4.317144900710337
S-Adenosylmethionine,3.0956653149805335,4.668240319759037,3.541869325647121,4.040339468904235,2.7882178807192313,3.5413324121843957,4.561404806520763,0.0,0.0,0.0,0.0,4.45326680274964
Serine,3.6014676006840505,3.6109871807731677,2.6456981120060603,3.195408255776974,3.782941438459674,0.0,2.385200563915704,0.0,1.3509415405556158,2.804030742848178,0.0,3.1095472138062505
Serotonin,0.0,3.6442980838018975,2.799384679803015,2.925337036926467,3.5394825261818057,2.769643751953001,4.049093687302752,0.0,0.0,2.5117904988913327,0.0,0.0
Taurine,5.31997602897959,4.2279016965088,2.5880747334492433,2.7815202679811115,4.109483076979555,3.4015459285761405,3.2541331976204253,0.0,0.0,3.8729592720218764,0.0,3.815165323423203
Tryptophan,2.4733345534029922,3.8576705774844546,2.764817017301189,3.2198794738672705,3.5239550042150665,3.4256919561675496,4.1835348908833385,0.0,0.0,2.9619129683661116,0.0,2.55286407889561
Tyrosine,2.131818765774426,2.724185682675429,0.0,1.546468679059805,2.880775963033878,0.0,3.165800033615989,0.0,0.0,0.0,0.0,3.464035156115276
Ureidosuccinic acid,4.4688236998641875,3.7004893788662674,2.0646490667097472,3.054073556790722,3.3989395935408697,2.8605397478985974,3.6612060882485338,0.0,1.6484433972751187,3.787765896453872,0.0,2.9874649460138967
Urocanic acid,4.5341167954335155,4.1294908047089995,3.169775429866937,3.3129947942871114,4.041192545763116,2.655095435607426,4.024760871465428,0.0,0.0,4.299852590143951,0.0,0.0
Valine,3.1713776789954284,3.790472538920319,0.0,2.992069126530137,3.6112481327992123,2.317850442999914,3.272283293910845,0.0,0.0,0.0,0.0,3.305905055707021
gamma-Aminobutyric acid,2.971589091277522,4.353734650566933,2.8035209918450272,3.337066718145584,3.9330259416104503,2.49756766124114,3.7855367732985186,0.0,0.0,3.1632229891185686,0.0,3.7410520473051463
6-Phosphogluconic acid,5.012308835041252,3.264334433108479,0.0,2.5343209604671393,0.0,0.0,2.9646699436177135,0.0,0.0,3.904329392406726,0.0,1.6167305541740389
Dihydroxyacetone,0.0,0.0,0.0,0.0,0.0,0.0,0.0,0.0,0.0,0.0,0.0,0.0
Dihydroxyacetone phosphate,4.29330833634685,2.8879952684815726,0.0,2.3259864493126092,0.0,1.8478875934931647,2.429818888241183,0.0,0.0,3.9062152602330937,0.0,0.0
"Fructose 1,6-bisphosphate",5.577610157677287,3.8669330795144408,0.0,2.9996373223737782,0.0,1.8948061289240636,3.8114448964197782,0.0,0.0,5.470872623820262,0.0,0.0
Gluconic acid,4.714115980594938,3.393384501742207,2.7959123068070153,2.8059005404672432,3.956881909727762,2.7009217094002644,3.51550539912528,0.0,0.0,3.8202175563352943,0.0,2.814735303590034
Glucosamine,0.0,3.790254041530395,3.047997893280208,3.065420428651913,3.383773545535928,2.9626682215792686,3.3610129876777766,0.0,1.8213241792822898,2.479377291819459,0.0,2.4557198813121004
Glucosamine 6-phosphate,4.868475789298719,3.432515575194679,2.900867311639881,2.850478675451335,3.8101702936596893,2.5732860627043896,3.419402694842914,0.0,0.0,4.6751875765330135,0.0,3.297382042707064
Glucose,3.5630380761253044,3.4450513635926985,0.0,2.7794181847103228,3.583551214542195,3.0726920041953605,3.0099260819610874,0.0,0.0,3.5276331612894833,0.0,3.3683595761807332
Glucose 6-phosphate,5.087413863450058,3.5543289502956315,0.0,2.5830352647708263,3.0416965454893368,0.0,0.0,0.0,0.0,4.740191180987268,0.0,2.8012123196237013
Glycerol 3-phosphate,4.724261056382808,3.2329764422481566,0.0,2.8779603599048182,2.7799113488088225,0.0,0.0,0.0,1.153833820503997,3.211554885564236,0.0,0.0
Myo-inositol 1-phosphate,5.187259868417889,3.0837455776040197,0.0,2.5697068682569966,2.1405904003400056,1.5677971253322887,2.0558591151050227,0.0,0.0,3.566421758310789,0.0,2.352566071992955
N-Acetylgalactosamine 6-phosphate,4.488955451051042,2.971223488969371,1.4406301786183189,3.177025588392859,2.2382265865239552,1.8757161371455062,3.3099835214631366,0.0,0.0,4.103260307842667,0.0,1.587441214688527
N-Acetylglucosamine,3.7414572550744887,4.0988712572751815,3.4503328451586843,3.6549008240964946,3.7183692487169893,2.5397444667657143,3.97724155899443,0.0,1.15237892509503,3.942059729055399,0.0,3.9057716250181063
Ribose 5-phosphate,4.992236764337992,3.3396825914058055,0.0,2.5967389515159494,2.2207687071214846,1.8532465296854916,3.1760076999976614,0.0,0.0,4.419084424653432,0.0,1.8642650891876584
Ribulose,2.514232555669227,0.0,0.0,0.0,2.860002829554056,0.0,3.449830505493169,0.0,0.0,2.6737609005670833,0.0,2.251817837666885
Ribulose 5-phosphate,4.866126392151314,3.4279359388671393,1.3887162414612038,2.878988787177604,3.540062032267266,2.248581833507929,3.214798366559963,0.0,0.0,4.937509269380902,0.0,2.6762458727292735
myo-Inositol,2.8644638578656383,3.6087387885331332,2.8881910674592306,3.29294241199349,3.5404979083334114,2.812487204965509,3.2079516122496705,0.0,0.0,2.7415226162929645,0.0,2.824219096292642
2-Oxoglutaric acid,4.814306627793246,3.1939075264966372,2.9444915060048995,2.1596256265723754,3.835350954417964,3.196035740911949,3.0576762652170113,2.590950985182533,0.0,4.565696544556646,1.68230404781184,3.7901349791674126
3-Hydroxymethylglutaric acid,0.0,0.0,3.5293325660113735,3.8623228347239578,0.0,3.5794318058187464,0.0,3.6910625481559993,2.596322336711969,0.0,0.0,0.0
3-Phosphoglyceric acid,5.164587787189345,3.5113831707001135,0.0,2.8304274038744213,2.5327275053940004,1.9486052501253226,3.027841971841041,0.0,1.7430265197437271,4.767885572702078,0.0,2.154635681911425
Acetoacetic acid,0.0,0.0,0.0,0.0,0.0,0.0,0.0,0.0,0.0,0.0,0.0,0.0
Ascorbic acid,3.9789439936786417,3.3913699464836085,0.0,2.5202205759439518,3.9063397834559312,2.7367158502625806,3.507498661936419,0.0,0.0,4.011976405829317,0.0,3.2897269863101646
Butyric acid,0.0,0.0,0.0,0.0,0.0,0.0,0.0,0.0,0.0,0.0,0.0,0.0
Citric acid,5.206625379926532,4.548555395017694,3.1163934541263405,2.963528172872651,3.9526126844296186,3.136521927428442,3.7922208167669877,0.0,0.0,5.032941401140774,0.0,4.470798380698967
Fumaric acid,0.0,2.7932811308030607,3.3287117687488834,1.7196571342163356,4.313311748122492,0.0,3.087780044670407,3.077743670885945,2.162885677527172,4.611974839254772,2.529863854903606,3.949922642173372
Kynurenic acid,4.478279984472924,0.0,2.5052287820466783,2.889853046475071,2.5070952986505977,2.545497026187915,3.214103248786032,2.3408382119069118,2.4421201906083314,0.0,0.0,3.7193925853128142
Lactic acid,0.0,0.0,0.0,0.0,0.0,0.0,0.0,0.0,0.0,0.0,0.0,0.0
Malic acid,5.375443979142473,4.24987230453864,3.7993823982594486,2.8147442417862147,4.677357983827275,3.0018109692612125,3.584996316368755,2.907553488334507,2.053993801084548,4.972620503267011,2.9743747048793394,3.967246302433409
Malonic acid,4.851807597865303,3.1820815718193756,0.0,2.7639126053840872,0.0,2.451855387727123,3.202027518918831,0.0,2.376251168772741,3.9466970861046757,0.0,2.558938074105795
Mevalonic acid,4.2864567890678344,3.7594598894551163,0.0,0.0,3.428863024883955,2.484264823832584,3.669329623713813,0.0,0.0,3.397640346350774,0.0,2.5507221525365145
Oxalacetic acid,0.0,1.5790882261907428,0.0,0.0,0.0,0.0,0.0,0.0,0.0,0.0,0.0,0.0
Phosphoenolpyruvic acid,5.197866060993347,3.6533143390678724,1.963793633635141,2.5254426329769695,3.376437485990202,0.0,3.259651189553894,2.008853410816195,0.0,4.946891816772806,0.0,3.2504831412088606
Pyruvic acid,0.0,0.0,0.0,0.0,0.0,0.0,0.0,0.0,0.0,0.0,0.0,0.0
Quinolinic acid,4.404749585288414,3.235197500557061,1.8265167802569173,2.759670606416107,3.884633903226109,2.47354670152044,3.249548543544849,0.0,0.0,3.6711875658818505,0.0,3.0632161797275086
Succinic acid,4.78146499660177,2.8795034488339106,2.5296353766373696,1.97179381637578,4.386659442042509,3.1696758709305954,2.89022431208058,0.0,2.120092518839114,4.656081775208456,1.3613118848941395,3.53619076527081
cis-Aconitic acid,4.852406059687796,4.770269122075655,4.1059138579341115,3.376718072535226,3.8689716696910033,3.492795116534219,3.571505454156062,3.6677637218063923,0.0,4.7614795509649595,0.0,4.505605382209638
Arachidonic acid,0.0,0.0,0.0,0.0,0.0,0.0,0.0,0.0,0.0,0.0,0.0,0.0
CAR 16:0,5.9376349305790495,5.90259068233192,5.777242443011519,5.687296124994779,5.241422660706188,5.273865533095007,6.026650684491141,3.667923767199827,4.927001802283681,5.704855923320317,0.0,5.732582664177399
Cardiolipin 18:1,3.3752408900526563,3.0637950908840423,2.815776220700697,2.334454804715896,3.307447928470257,2.401961861957417,3.548882231213589,3.0530208283850264,2.7497294997196158,3.395485469157371,0.0,3.3184360564617665
Cer d8:1/22:0 Cer,2.8309928427175683,4.637538127634774,4.937183509878619,4.3240214585265635,4.483471273928375,4.3796291584442875,5.108414279800726,2.9074629575913353,3.1847053450492764,4.17616887183575,0.0,4.564033955681879
Cholecalciferol,0.0,0.0,0.0,1.3231436264792247,2.4123571209470898,0.0,2.1221275354294495,0.0,1.9263196764424573,0.0,0.0,0.0
Cholesterol,0.0,0.0,0.0,0.0,0.0,0.0,0.0,0.0,0.0,0.0,0.0,0.0
Cholesteryl acetate,0.0,0.0,0.0,0.0,0.0,0.0,0.0,0.0,0.0,0.0,0.0,0.0
Cholesteryl ester 17:0,0.0,2.9486451275269525,3.2444646212984836,2.737933230673725,2.414716370067486,3.423464041454134,3.5586143532029637,0.0,0.0,1.578030806112229,0.0,2.9073364492659453
Cholic acid,4.27617653643265,4.766348344914493,5.027136920639587,4.303206164534644,4.897371691732965,4.530044058582323,4.949069984522013,2.985656696913852,3.1613831483653074,4.5711406872608,0.0,4.601010195518255
DG 18:0-22:6,0.0,2.114854947833886,2.476931585861494,2.481929367454209,0.0,2.749885611475361,2.22743925366506,0.0,0.0,0.0,0.0,0.0
Estradiol,0.0,2.3080102546646204,0.0,1.7398010363859941,2.4817440360562113,1.1742838202959467,2.4701337834279866,0.0,0.0,0.0,1.2184794949465074,1.2392524175784987
GM3 Ganglioside 18:0,4.124395821511017,2.9737656247124664,3.268830021182828,3.19551624461594,3.7336975634336658,3.810595756880322,4.237034281039718,0.0,1.78669887785035,3.956793653909755,0.0,3.7745045242907738
GlcCer d18:1/18:0,4.511958817031766,5.285778703148873,5.4974011366820905,5.204088317302601,4.979573506152474,5.113542414241488,5.544057479698296,3.7206806555341174,3.8182535469956864,5.033350583651349,1.9199167785077542,5.251049674239537
Glucosyl cholesterol,3.1577596365481537,4.31467114129645,4.594015508323478,4.023014545181323,3.981644997786651,4.164462271686481,4.723888573414365,2.6445937703157067,3.478118291800268,4.216390986959431,0.0,4.123525427720091
Lyso PA 18:1,3.1154312824635073,4.843206305453645,4.372220212624524,4.156254943479566,3.8376738053226003,3.9752218156602113,4.623973521309179,3.244438138725961,3.742075255689659,4.382408684431989,0.0,3.9439847000953745
Lyso PC 15:0,5.564369497557118,5.7219515254422255,5.523413407552947,5.228630271137234,5.5894441802669945,5.213439815047752,5.742741749622424,3.4888970832976893,4.512345071163272,5.65236377079257,0.0,5.7522737121266285
Lyso PE 18:0,5.332773884184862,4.930236953199905,5.0163897393316494,4.920317129935,4.483577672782437,4.893845403668458,5.399141094270939,3.77870014185253,3.9467330330673014,4.875466502355021,0.0,5.014325900559925
Lyso PG 16:0,5.882545819342971,5.216100018644106,4.930228189221948,4.711549502955653,4.593027141475969,4.832593905399169,5.193157184529728,3.878825544307751,4.352123416455095,4.71788461629704,0.0,4.569850349588309
Lyso PI 17:1,5.64180931435072,5.075725736257236,4.38862111683139,4.111227252692306,5.081565498566187,4.59866635857756,4.864404729372422,4.075530501684714,3.841352840216873,5.227078759429134,1.0904208740166843,4.360391588234922
Lyso PS 17:1,5.418380570558009,5.331680459931724,4.710427039472351,4.539950300394482,5.109679946573187,4.53134208084652,5.151282135358989,4.3901177736375985,4.110090448702122,5.2270166852951085,0.0,4.890131350085918
MG 18:1,2.0344707907417185,3.1253793002554713,4.321107492191128,3.2665154883225336,3.256255093842867,3.3785903634135384,4.065687811846683,0.0,0.0,2.3818875638749266,0.0,0.0
PA 16:0-18:1,4.670258639053682,4.625035907265018,3.945554108103574,3.8662501355890657,4.259215626849193,3.678742462905252,4.392703326967943,3.609970865765313,3.5928957866911815,4.333625445193194,0.0,3.905995064175756
PC (O) C16-18:1,4.779356814299478,4.765620693316877,4.917882302057878,4.588337078091744,4.948765541904412,4.535429420706357,5.09560252843155,3.4874741801807185,3.5404420195744346,4.774103422739672,0.0,4.303726546374941
PC 15:0-18:1,4.641272746919893,5.058169829809319,4.920849438674582,4.564412034203028,4.930631796597083,4.536175170216713,5.2962991802607835,3.646473874311769,3.691746431120962,4.651880764132976,1.741906551631002,4.669643964406812
PE 18:0-20:4,2.9170905417548116,3.150294808124726,2.698572660319062,2.284051963198898,3.179841369308175,2.7765521729068,3.5588729338047647,1.5189832506693335,2.2056669443775676,2.98429410436067,0.0,2.67195661071979
PG 16:0-18:1,4.954398328781637,4.818263945911801,4.294143618158026,4.089458319628588,4.367441241165517,4.097125086543147,4.530692365694833,3.9836590198792097,3.224545734134577,4.699326013728358,0.0,4.060659484150419
PI 16:0-18:1,4.987449242191788,3.866922510144808,4.128724415443667,3.7079406347422266,4.617958689822023,4.2204825864105,4.292085115580533,3.394218062135448,2.587812856281794,4.674227921453728,0.0,3.7812949060383407
PI(5)P 18:1,4.745119296674954,3.8905607541830554,3.0547978316727327,3.234636813198626,3.6233791043641697,3.1553206176112956,4.24630467746952,2.7308127882216593,2.779311169963429,4.783396718098862,0.0,2.811908391910623
PS (POPS) 16:0-18:1,5.0052882548085975,4.852797578541635,4.3587416589344725,4.05251704033887,4.515310566774154,3.8737908746560272,4.671243504734643,3.85672363230729,3.5334866542436347,4.687776697012359,0.0,4.28862285683265
Palmitic acid,0.0,0.0,0.0,0.0,0.0,0.0,0.0,0.0,1.9173976314798507,0.0,2.0655712752179944,1.8780616132436856
Palmitoyl-CoA,5.3150044901945455,5.179712557386337,4.357029349267618,4.267657162562458,4.3695563110261,4.510383122237371,4.8572686664364335,3.6995541543037644,2.813488693519256,4.828624145668983,0.0,5.2293288926351025
Prostaglandin E1,3.9030711729474725,4.402023761646714,4.8652682378268235,4.247916954100597,4.355432334787125,4.386446520656667,4.935443011183248,2.9144243853370675,3.2149626272328353,4.802429610943728,0.0,4.848933565893086
SM d18:1-16:0,4.994458680302784,4.652017007410612,4.710618819098903,4.547117205267054,4.995041757169916,4.816581861298689,5.342233475940242,3.1739855204348912,3.5780241861219126,5.232199209622647,0.0,5.183177892525952
Sulfo GalCer 18:0(2S-OH),5.533163212938402,4.810011499482247,4.479181180086236,4.158842884739092,5.130618218631971,4.89005194518582,4.856644252698588,4.511201317433035,3.1332880628109314,5.46860434486263,2.048778767664048,4.5158901925653705
TG 15:0-18:1-15:0,1.2166864004219589,2.954173335296127,4.0710560997692875,3.3995101814161264,4.103853395453523,3.6727771808296743,4.212545896057186,1.9411042273631134,2.2239246943453876,3.4157863208079786,0.0,3.2295772433194356
Taurocholic acid,5.992546007079303,4.9668460079434915,3.822948274817496,4.155446238462568,5.116864462639989,4.146315137111348,4.577799954007326,3.1660348059402517,2.3356174269670698,5.588171856611115,1.5041273417813052,3.8844239826238303
"4,5-Dihydroorotic acid",4.971478312451223,3.5371360488289882,2.3097712306116245,2.31266734379052,3.6933393915261985,2.6059266347294514,2.997338556067013,0.0,0.0,4.280908700018459,0.0,3.361063747342684
Adenine,3.40681419340028,4.238535049225127,3.029190887811881,2.4451679775100605,3.8176478578462882,2.782395196748388,3.2526814580517733,1.7404730415453513,0.0,3.4294755672699675,0.0,3.7747836391872185
Adenosine diphosphate,5.939249906533922,4.64307896721609,0.0,3.553542639329805,0.0,0.0,4.634402182114336,0.0,0.0,4.921707933781895,0.0,0.0
Adenosine monophosphate,5.608818302079428,4.450768263379038,3.098221129963122,3.96161387090512,2.9382514404677935,3.591823284038135,4.766346965815076,0.0,2.8336330775515917,4.846881974333572,0.0,2.841687401652808
Adenosine triphosphate,5.276359721484188,4.340946681822274,0.0,2.8710401837263975,4.3028009074031734,0.0,3.393262925415953,0.0,0.0,4.715685925435432,0.0,3.275336457650111
Cyclic adenosine monophosphate,2.484365861328573,4.233147749199943,3.2221378500665403,3.975032201098023,2.9650187553545337,3.822667799441375,4.670525758631435,0.0,0.0,4.084480982198227,0.0,1.8374939310290261
Cytidine,3.2510481865945837,4.22588219823403,3.425682663846329,3.465143883592769,3.673450048149014,3.659161137498363,4.534331715151787,0.0,1.390053000123633,3.8095171683231746,0.0,4.060377490853462
Cytidine monophosphate,4.171703915963149,5.451806735324396,3.5135859812893706,4.415962609105335,3.7918617020978798,0.0,4.8287875262066215,0.0,0.0,4.848449911051241,0.0,4.6495213401650215
Cytosine,2.6197494337484972,4.33590427037835,2.9140164405747755,3.3780141985889127,3.8544616395555074,3.3701812818009778,4.131938263158843,0.0,2.159422143529601,3.0764485909378703,0.0,4.098504803074758
Guanine,3.453508977944561,0.0,1.539774550137645,1.6191989369509128,2.6328506920616883,0.0,3.3916399737924423,0.0,0.0,3.3106815469447297,0.0,3.2130862790100387
Hypoxanthine,3.6404959855918775,3.9868319161478047,2.810370401409649,3.311156609193442,4.072642960285928,2.727321904074677,3.806738342472188,0.0,0.0,3.105037790233698,0.0,3.2616677249542176
Nicotinamide adenine dinucleotide (NAD),3.610985532756855,3.2298096038619946,0.0,2.814687828398827,3.9967479306228806,0.0,4.1870815314638605,0.0,0.0,4.183059372030532,0.0,3.47742798990105
"Nicotinamide adenine dinucleotide, reduced (NADH)",5.153846837012321,3.678617284035782,0.0,2.534747418433536,3.193202018364462,0.0,4.34361730882345,0.0,0.0,3.866358914665811,0.0,2.0703196046004826
Nicotinamide riboside,2.4786075712722377,3.445582005432795,2.3057297932180894,3.6127474380116036,2.9772175874863085,3.1083949255778744,3.937803950709943,0.0,0.0,2.9152518438121504,0.0,3.8295702256419077
Nicotinamide ribotide,2.8868424740218557,3.002009946967569,0.0,2.6774194813488026,0.0,1.7588988028374122,3.3417687057736756,0.0,0.0,0.0,0.0,3.1466078892385507
Orotic acid,3.602995538986097,2.577149135022576,0.0,1.1074778772291245,2.456064610180857,2.2392999046601822,1.8013652187059301,0.0,1.4379314230727445,2.3246591401226415,0.0,0.0
Thymine,4.270315973022902,2.6257031967630455,2.0626844844297527,1.9426000468874711,4.165935854668067,1.817014782147853,3.014181610643311,3.0594592428866054,1.373803892928695,3.9627245223641214,2.6838247107914137,3.0334987331737064
Uracil,4.510950415783443,2.3480568159189925,1.6245409036057512,1.857470121845907,3.883007059553876,2.784104583951738,2.3708576128580314,1.2925143997281368,2.402397256670855,4.250882523539048,2.6571935903704818,0.0
Uric acid,4.9520618226943895,2.4796043653320363,0.0,1.3408193100737735,2.4620576622454107,2.7172255809212165,3.2434096477255925,0.8892402693084532,0.0,3.2949006560148772,0.0,0.0
Uridine,3.3019065026843375,2.8372639344030137,2.2443317889734065,0.0,3.6847454193442863,0.0,3.4042261036272725,0.0,0.0,2.488109246180385,0.0,3.0555873617424156
Uridine diphosphate,5.935435495502642,4.80799585588091,0.0,2.937693956217043,2.9343309630790078,0.0,4.65614224395102,0.0,0.0,5.507176709657718,0.0,1.8522171415485769
Uridine diphosphate glucose,5.630456576161583,4.6406065091861635,1.5331745498075495,3.100042218497191,3.475285584467545,2.8172167364352045,4.047244747569501,0.0,0.0,4.318640749454981,0.0,3.4252998969930237
Uridine diphosphate glucuronic acid,5.077807537596156,4.057843618010732,0.0,2.7000913889741276,2.985736145411938,1.695129282208412,3.21796904202,0.0,0.0,3.558223137214425,0.0,0.0
Uridine diphosphate-N-acetylglucosamine,6.029128849135831,3.123246799616253,0.0,3.266005362298584,3.489531199008558,0.0,4.452973356423829,0.0,0.0,4.766158591443824,0.0,3.478868949942147
Xanthine,4.873407036419803,2.84849288750237,1.1964182830266576,1.6458088845946706,3.9453748582087305,2.3827326835165876,3.428584449739,0.0,2.2248542492132084,4.053959782636901,2.561209907915534,3.400635274446025
Acetyl-CoA,5.311557557961862,4.228685644197504,0.0,3.1936690070359517,3.1584307071625304,0.0,4.427639951275798,0.0,0.0,4.74215353511989,0.0,3.378650942762658
Biotin,0.0,3.1196386092610253,2.654710468451859,3.0176802358360844,3.3256352215575964,2.9464236025965955,3.9582702300401684,0.0,0.0,2.630277493597988,1.8249509253910954,3.3327405429914108
Coenzyme A,3.8008710262539327,4.768936545801752,2.355314160200034,3.6202502119265625,4.640669754025432,3.4008089115348477,3.994939015588079,0.0,0.0,4.126631933021403,0.0,3.705858803360674
Flavin adenine dinucleotide,5.016272181276773,3.337974362412189,2.3233160120627963,2.928559926189952,4.081229490346602,1.9266379647558654,4.140267826223146,0.0,0.0,4.65545672950231,0.0,4.294086359942147
Flavin mononucleotide,5.1248151649759714,4.915559652557008,3.7583441412833,4.107747860276825,3.6336283545780503,0.0,4.569188814606049,1.9266370648753566,0.0,4.80695897688929,0.0,4.320164659080349
Folic acid,4.407864386932945,3.6365808635348835,3.673052769344012,4.434526279451813,4.545473364986778,3.505789106858256,5.1264971847767,0.0,0.0,4.208542474006023,0.0,4.106264191620592
Niacinamide,0.0,3.553029248167919,2.074046124456122,1.706256895620344,0.0,1.741948204111549,3.163438539993329,0.0,0.0,0.0,2.090093123778413,0.0
Nicotinic acid,4.378722028949174,3.8483950531064637,2.1961946787905955,3.33731577065291,3.8915028019317304,2.2261533446880697,3.7625189180398873,0.0,0.0,3.6938898667065603,0.0,0.0
Pantothenic acid,3.828050696850258,4.109296869429355,2.9523416477629874,3.590427919070248,3.8758486736451254,2.6629500550788405,3.7361962678833778,0.9608611341085309,0.0,3.784349073986748,0.0,3.704668449080428
Phylloquinone,0.0,2.8317043239026773,4.004028115267977,2.940272453451333,2.6989701876082517,2.7885572124085187,4.29646312758688,0.0,0.0,2.022552851095697,0.0,0.0
Pyridoxine,3.825180652294685,4.445936498654157,3.059059280956344,2.9620584220555704,4.1169895273342405,3.118134729210066,3.391545275127039,0.0,0.0,3.258630799382095,3.4914551705642274,3.9098271144558625
Retinoic acid,0.0,2.435606298454316,2.2332176938850106,2.064991532823185,2.546111510962298,2.4570553610423786,2.5811053300148146,0.0,0.0,0.0,0.0,1.7794035913745707
Riboflavin,5.020016881968528,4.814105294618152,4.572120775853656,4.1753956956769835,4.103759136800151,3.8994684132934045,5.28329024759387,2.246043539657159,2.940023609831767,5.261929399728793,0.0,4.63954730615934
Tetrahydrofolic acid,4.079660655618825,4.566863929657198,2.90535332197863,4.354756468548212,3.484494558964344,3.3862771333519315,4.722446158983393,0.0,0.0,3.5911145636086315,0.0,3.398997098518056
Thiamine,3.3934654839929106,4.159693921661647,2.8353601053073674,3.6051045562636226,2.7147641722519293,3.103564040543968,4.041371056754475,0.0,0.0,3.902794756422908,0.0,4.664851119764772
alpha-tocopherol,0.0,2.7562493759893347,4.076742507261264,2.2818676840667274,2.0316650867566106,2.500009289282797,3.9845766805944893,1.0757834232708527,1.526479172646516,0.0,0.0,2.3130911852947955
